ticket_id,category,priority,created_at,resolution_hours
TCK00000,Hardware,Critical,2024-06-06 04:00:00,6.9
TCK00001,Software,Low,2024-05-01 15:00:00,36.94
TCK00002,Network,Critical,2024-04-11 09:00:00,19.79
TCK00003,Software,Medium,2024-01-20 18:00:00,9.22
TCK00004,Network,Low,2024-02-10 15:00:00,22.77
TCK00005,Hardware,Critical,2024-03-04 16:00:00,14.45
TCK00006,Software,Low,2024-04-11 11:00:00,13.18
TCK00007,Network,Low,2024-03-02 14:00:00,39.06
TCK00008,Printer,Low,2024-05-11 08:00:00,12.74
TCK00009,Software,Medium,2024-03-03 12:00:00,5.27
TCK00010,Email,High,2024-03-23 13:00:00,4.93
TCK00011,Software,Medium,2024-01-15 01:00:00,15.08
TCK00012,Software,Critical,2024-01-16 19:00:00,6.5
TCK00013,Network,Medium,2024-03-25 11:00:00,12.95
TCK00014,Network,Low,2024-01-17 07:00:00,44.1
TCK00015,Hardware,Low,2024-01-09 08:00:00,24.6
TCK00016,Network,Low,2024-04-12 06:00:00,51.76
TCK00017,Network,Medium,2024-04-22 02:00:00,52.31
TCK00018,Software,High,2024-02-06 06:00:00,11.33
TCK00019,Printer,Medium,2024-06-23 15:00:00,4.14
TCK00020,Network,Medium,2024-03-10 22:00:00,15.74
TCK00021,Network,Low,2024-04-19 09:00:00,40.75
TCK00022,Network,Low,2024-05-31 03:00:00,45.68
TCK00023,Network,Medium,2024-04-03 05:00:00,23.39
TCK00024,Network,Medium,2024-04-21 11:00:00,10.14
TCK00025,Software,Medium,2024-01-28 15:00:00,6.18
TCK00026,Network,Medium,2024-05-17 16:00:00,17.24
TCK00027,Network,Medium,2024-03-09 04:00:00,24.35
TCK00028,Network,Medium,2024-02-05 14:00:00,35.25
TCK00029,Network,Medium,2024-03-13 05:00:00,22.66
TCK00030,Access/Permissions,High,2024-06-24 18:00:00,8.08
TCK00031,Printer,Medium,2024-05-29 06:00:00,5.33
TCK00032,Printer,Low,2024-05-21 13:00:00,12.53
TCK00033,Network,Medium,2024-01-07 02:00:00,34.35
TCK00034,Network,High,2024-03-22 15:00:00,38.14
TCK00035,Hardware,Low,2024-06-18 05:00:00,14.47
TCK00036,Network,Low,2024-01-26 23:00:00,55.71
TCK00037,Network,High,2024-05-09 12:00:00,93.34
TCK00038,Network,Low,2024-03-11 02:00:00,36.13
TCK00039,Email,Medium,2024-03-09 16:00:00,5.3
TCK00040,Printer,Medium,2024-05-12 15:00:00,9.52
TCK00041,Network,Medium,2024-04-29 13:00:00,16.62
TCK00042,Printer,Low,2024-02-24 04:00:00,5.94
TCK00043,Access/Permissions,Low,2024-04-23 23:00:00,2.46
TCK00044,Hardware,Low,2024-03-11 13:00:00,15.26
TCK00045,Software,High,2024-02-09 23:00:00,15.23
TCK00046,Network,Medium,2024-05-10 00:00:00,6.86
TCK00047,Access/Permissions,Critical,2024-05-22 12:00:00,4.58
TCK00048,Printer,Critical,2024-02-17 11:00:00,4.53
TCK00049,Network,Low,2024-03-16 16:00:00,8.79
TCK00050,Printer,High,2024-04-23 21:00:00,9.19
TCK00051,Network,Medium,2024-02-28 17:00:00,15.52
TCK00052,Printer,Low,2024-06-29 21:00:00,2.97
TCK00053,Email,High,2024-01-22 20:00:00,2.35
TCK00054,Network,Medium,2024-06-20 11:00:00,54.84
TCK00055,Printer,Low,2024-04-25 14:00:00,13.88
TCK00056,Network,Low,2024-05-15 21:00:00,39.52
TCK00057,Network,High,2024-04-13 19:00:00,8.05
TCK00058,Email,Low,2024-01-01 04:00:00,8.62
TCK00059,Hardware,Medium,2024-01-27 11:00:00,14.56
TCK00060,Network,Medium,2024-06-02 03:00:00,14.97
TCK00061,Network,Medium,2024-03-21 11:00:00,42.87
TCK00062,Network,Low,2024-04-28 17:00:00,21.78
TCK00063,Printer,Medium,2024-06-18 14:00:00,7.04
TCK00064,Software,Medium,2024-05-11 03:00:00,5.43
TCK00065,Hardware,Low,2024-05-09 22:00:00,18.35
TCK00066,Printer,Medium,2024-05-03 07:00:00,7.91
TCK00067,Network,Medium,2024-03-27 06:00:00,14.15
TCK00068,Printer,High,2024-05-15 11:00:00,17.34
TCK00069,Printer,Medium,2024-05-08 15:00:00,2.83
TCK00070,Software,Low,2024-02-07 07:00:00,23.69
TCK00071,Software,Low,2024-04-24 02:00:00,16.95
TCK00072,Software,High,2024-06-12 01:00:00,8.01
TCK00073,Hardware,Low,2024-02-01 09:00:00,8.91
TCK00074,Network,Low,2024-03-08 17:00:00,11.13
TCK00075,Access/Permissions,Low,2024-05-11 02:00:00,3.07
TCK00076,Access/Permissions,High,2024-04-27 00:00:00,0.88
TCK00077,Software,Medium,2024-03-06 11:00:00,26.32
TCK00078,Email,Low,2024-06-21 04:00:00,6.87
TCK00079,Network,Medium,2024-06-13 16:00:00,12.33
TCK00080,Email,Low,2024-01-30 02:00:00,5.6
TCK00081,Software,Medium,2024-01-06 23:00:00,11.52
TCK00082,Network,Low,2024-05-02 10:00:00,21.45
TCK00083,Printer,Critical,2024-02-18 04:00:00,9.28
TCK00084,Software,Medium,2024-02-09 17:00:00,7.17
TCK00085,Access/Permissions,Low,2024-05-04 17:00:00,6.17
TCK00086,Network,Medium,2024-04-09 10:00:00,48.01
TCK00087,Network,High,2024-02-25 04:00:00,30.74
TCK00088,Hardware,Low,2024-05-01 19:00:00,3.19
TCK00089,Network,Medium,2024-02-21 19:00:00,61.4
TCK00090,Access/Permissions,High,2024-02-07 06:00:00,10.66
TCK00091,Printer,Medium,2024-05-23 08:00:00,12.4
TCK00092,Software,Medium,2024-03-28 17:00:00,14.23
TCK00093,Software,Critical,2024-02-22 08:00:00,12.54
TCK00094,Network,Critical,2024-05-31 13:00:00,43.6
TCK00095,Network,Critical,2024-01-15 21:00:00,29.77
TCK00096,Software,Low,2024-06-23 09:00:00,4.72
TCK00097,Hardware,Low,2024-04-14 12:00:00,11.13
TCK00098,Network,High,2024-05-18 12:00:00,24.71
TCK00099,Printer,Low,2024-02-03 05:00:00,11.62
TCK00100,Network,Low,2024-03-17 00:00:00,24.94
TCK00101,Hardware,Medium,2024-06-12 13:00:00,36.11
TCK00102,Software,Low,2024-03-30 16:00:00,3.82
TCK00103,Printer,High,2024-03-10 12:00:00,5.41
TCK00104,Software,High,2024-04-23 12:00:00,8.15
TCK00105,Network,Low,2024-01-30 20:00:00,55.5
TCK00106,Printer,High,2024-03-27 17:00:00,4.59
TCK00107,Software,High,2024-06-14 02:00:00,10.27
TCK00108,Email,Critical,2024-05-06 13:00:00,3.8
TCK00109,Network,High,2024-06-14 21:00:00,45.89
TCK00110,Network,Low,2024-02-25 09:00:00,7.21
TCK00111,Printer,Low,2024-06-26 13:00:00,17.37
TCK00112,Printer,Low,2024-05-12 09:00:00,2.22
TCK00113,Printer,Medium,2024-06-28 04:00:00,7.73
TCK00114,Software,Low,2024-02-01 16:00:00,40.18
TCK00115,Access/Permissions,Low,2024-05-02 19:00:00,2.48
TCK00116,Printer,Medium,2024-06-23 12:00:00,8.38
TCK00117,Email,Low,2024-06-11 12:00:00,5.48
TCK00118,Software,Medium,2024-01-22 19:00:00,8.68
TCK00119,Access/Permissions,Low,2024-04-05 16:00:00,2.3
TCK00120,Access/Permissions,Medium,2024-06-24 02:00:00,8.63
TCK00121,Network,Low,2024-01-27 14:00:00,17.76
TCK00122,Network,High,2024-03-29 13:00:00,63.56
TCK00123,Network,Medium,2024-03-09 14:00:00,22.8
TCK00124,Access/Permissions,Low,2024-05-19 09:00:00,12.02
TCK00125,Network,Medium,2024-01-30 17:00:00,3.3
TCK00126,Printer,Low,2024-01-06 05:00:00,19.44
TCK00127,Software,Low,2024-06-24 06:00:00,20.44
TCK00128,Software,Medium,2024-04-13 00:00:00,18.69
TCK00129,Network,Medium,2024-06-07 20:00:00,22.21
TCK00130,Network,Low,2024-03-07 21:00:00,17.39
TCK00131,Network,Low,2024-04-29 14:00:00,19.48
TCK00132,Network,Low,2024-06-29 04:00:00,33.56
TCK00133,Email,Low,2024-04-16 07:00:00,4.22
TCK00134,Email,Medium,2024-04-25 02:00:00,1.27
TCK00135,Network,Low,2024-03-16 10:00:00,36.56
TCK00136,Access/Permissions,Medium,2024-03-26 08:00:00,1.74
TCK00137,Network,Medium,2024-03-25 10:00:00,41.93
TCK00138,Hardware,Medium,2024-01-11 20:00:00,28.02
TCK00139,Access/Permissions,High,2024-03-24 02:00:00,3.66
TCK00140,Software,High,2024-02-16 14:00:00,13.78
TCK00141,Network,Medium,2024-05-03 13:00:00,28.15
TCK00142,Email,High,2024-02-22 04:00:00,3.25
TCK00143,Email,Medium,2024-04-19 05:00:00,3.37
TCK00144,Printer,Medium,2024-04-07 15:00:00,20.2
TCK00145,Software,Medium,2024-04-01 06:00:00,9.65
TCK00146,Hardware,Medium,2024-06-17 01:00:00,26.43
TCK00147,Network,High,2024-02-20 02:00:00,28.26
TCK00148,Network,High,2024-03-25 19:00:00,35.29
TCK00149,Access/Permissions,Medium,2024-02-09 14:00:00,12.35
TCK00150,Network,Medium,2024-03-18 17:00:00,47.45
TCK00151,Printer,Low,2024-05-14 12:00:00,5.75
TCK00152,Software,Medium,2024-06-05 12:00:00,20.32
TCK00153,Software,Low,2024-03-29 04:00:00,25.9
TCK00154,Printer,Low,2024-05-13 13:00:00,4.38
TCK00155,Network,Medium,2024-05-05 05:00:00,3.87
TCK00156,Network,Medium,2024-04-23 18:00:00,28.49
TCK00157,Printer,Medium,2024-05-12 09:00:00,12.11
TCK00158,Hardware,Low,2024-06-21 18:00:00,17.87
TCK00159,Software,Low,2024-05-24 20:00:00,13.22
TCK00160,Network,High,2024-05-08 00:00:00,27.59
TCK00161,Hardware,Low,2024-01-09 09:00:00,29.29
TCK00162,Network,Low,2024-01-24 22:00:00,47.79
TCK00163,Software,Medium,2024-05-30 00:00:00,10.65
TCK00164,Network,High,2024-02-20 05:00:00,26.56
TCK00165,Printer,Medium,2024-06-22 06:00:00,3.12
TCK00166,Network,Low,2024-05-10 00:00:00,22.51
TCK00167,Printer,Medium,2024-03-15 16:00:00,3.71
TCK00168,Hardware,Medium,2024-02-09 15:00:00,14.9
TCK00169,Network,Medium,2024-05-25 15:00:00,29.28
TCK00170,Network,Medium,2024-05-07 09:00:00,2.58
TCK00171,Software,Low,2024-05-18 23:00:00,22.75
TCK00172,Printer,Medium,2024-03-02 17:00:00,8.32
TCK00173,Printer,High,2024-05-24 06:00:00,13.63
TCK00174,Network,Low,2024-04-13 18:00:00,94.55
TCK00175,Software,High,2024-06-02 03:00:00,13.61
TCK00176,Network,Low,2024-02-24 15:00:00,30.68
TCK00177,Access/Permissions,Low,2024-02-04 06:00:00,6.2
TCK00178,Network,Low,2024-04-01 14:00:00,32.43
TCK00179,Printer,Medium,2024-05-29 18:00:00,13.06
TCK00180,Hardware,Medium,2024-03-05 19:00:00,6.45
TCK00181,Software,Low,2024-05-29 01:00:00,31.18
TCK00182,Network,High,2024-04-21 15:00:00,26.34
TCK00183,Software,Medium,2024-04-18 07:00:00,15.16
TCK00184,Hardware,Low,2024-02-24 05:00:00,6.4
TCK00185,Network,High,2024-06-12 12:00:00,28.35
TCK00186,Software,Low,2024-03-08 14:00:00,6.77
TCK00187,Network,Medium,2024-01-19 22:00:00,14.4
TCK00188,Printer,Medium,2024-04-21 17:00:00,4.07
TCK00189,Network,High,2024-06-20 20:00:00,8.72
TCK00190,Access/Permissions,Low,2024-02-22 02:00:00,3.13
TCK00191,Hardware,Critical,2024-03-15 09:00:00,11.0
TCK00192,Software,Low,2024-01-07 09:00:00,13.4
TCK00193,Hardware,Medium,2024-02-21 16:00:00,24.77
TCK00194,Network,Low,2024-06-24 03:00:00,62.29
TCK00195,Network,Medium,2024-04-06 18:00:00,46.22
TCK00196,Email,Medium,2024-06-20 03:00:00,3.01
TCK00197,Printer,Medium,2024-04-22 20:00:00,12.63
TCK00198,Printer,High,2024-06-04 06:00:00,13.48
TCK00199,Network,Medium,2024-05-19 23:00:00,34.32
TCK00200,Software,High,2024-06-09 13:00:00,14.1
TCK00201,Access/Permissions,Low,2024-03-04 09:00:00,11.11
TCK00202,Network,Medium,2024-03-02 02:00:00,21.22
TCK00203,Network,Medium,2024-04-21 03:00:00,13.01
TCK00204,Network,Low,2024-05-29 11:00:00,53.45
TCK00205,Network,Medium,2024-06-20 07:00:00,46.8
TCK00206,Software,Critical,2024-03-16 04:00:00,11.01
TCK00207,Printer,High,2024-02-03 21:00:00,15.61
TCK00208,Software,Medium,2024-05-26 07:00:00,7.93
TCK00209,Hardware,Low,2024-05-22 22:00:00,39.78
TCK00210,Software,Low,2024-03-25 17:00:00,13.77
TCK00211,Network,Low,2024-01-30 08:00:00,22.86
TCK00212,Printer,High,2024-06-18 12:00:00,4.41
TCK00213,Hardware,High,2024-05-22 07:00:00,50.98
TCK00214,Printer,Low,2024-02-06 20:00:00,5.17
TCK00215,Network,Low,2024-02-04 08:00:00,17.73
TCK00216,Hardware,Low,2024-01-31 06:00:00,11.15
TCK00217,Printer,Critical,2024-03-07 12:00:00,8.54
TCK00218,Printer,High,2024-06-18 13:00:00,2.21
TCK00219,Access/Permissions,Low,2024-03-21 13:00:00,4.91
TCK00220,Network,Medium,2024-02-20 18:00:00,49.6
TCK00221,Printer,High,2024-06-21 07:00:00,8.63
TCK00222,Network,Low,2024-06-14 12:00:00,30.6
TCK00223,Software,Critical,2024-03-12 07:00:00,8.9
TCK00224,Software,Medium,2024-04-09 20:00:00,14.23
TCK00225,Software,Medium,2024-06-12 18:00:00,15.83
TCK00226,Printer,Low,2024-03-12 00:00:00,11.55
TCK00227,Network,High,2024-06-27 14:00:00,14.2
TCK00228,Printer,Medium,2024-04-23 07:00:00,11.28
TCK00229,Access/Permissions,Low,2024-04-10 03:00:00,12.26
TCK00230,Network,Low,2024-03-11 10:00:00,32.67
TCK00231,Software,Low,2024-02-11 23:00:00,14.59
TCK00232,Printer,Low,2024-01-24 19:00:00,6.19
TCK00233,Access/Permissions,High,2024-03-19 15:00:00,7.1
TCK00234,Software,Low,2024-05-12 23:00:00,8.39
TCK00235,Printer,Critical,2024-01-12 20:00:00,22.54
TCK00236,Hardware,Low,2024-05-09 08:00:00,9.79
TCK00237,Software,High,2024-05-30 09:00:00,11.6
TCK00238,Network,High,2024-05-19 06:00:00,11.25
TCK00239,Access/Permissions,Low,2024-05-13 09:00:00,3.3
TCK00240,Printer,Critical,2024-05-26 07:00:00,12.14
TCK00241,Printer,Medium,2024-06-16 18:00:00,1.93
TCK00242,Access/Permissions,Medium,2024-03-18 07:00:00,3.69
TCK00243,Access/Permissions,Medium,2024-04-03 23:00:00,2.27
TCK00244,Network,Low,2024-02-13 18:00:00,29.27
TCK00245,Access/Permissions,Medium,2024-02-09 23:00:00,7.19
TCK00246,Network,Medium,2024-04-03 21:00:00,22.69
TCK00247,Software,Low,2024-01-22 16:00:00,12.14
TCK00248,Software,Low,2024-01-25 07:00:00,4.42
TCK00249,Software,Low,2024-01-12 09:00:00,6.58
TCK00250,Access/Permissions,Medium,2024-01-31 08:00:00,12.56
TCK00251,Email,Low,2024-01-09 21:00:00,2.96
TCK00252,Software,Low,2024-04-23 08:00:00,16.08
TCK00253,Network,Low,2024-01-01 01:00:00,47.11
TCK00254,Email,Medium,2024-05-12 06:00:00,4.7
TCK00255,Software,Medium,2024-06-25 14:00:00,9.05
TCK00256,Software,Medium,2024-03-21 05:00:00,9.35
TCK00257,Software,Medium,2024-01-24 00:00:00,18.56
TCK00258,Email,Low,2024-01-11 10:00:00,5.6
TCK00259,Access/Permissions,Medium,2024-05-24 05:00:00,4.71
TCK00260,Software,Medium,2024-03-29 22:00:00,25.42
TCK00261,Software,Medium,2024-05-31 14:00:00,30.02
TCK00262,Software,Low,2024-06-01 17:00:00,10.95
TCK00263,Access/Permissions,Low,2024-01-13 23:00:00,5.46
TCK00264,Access/Permissions,Low,2024-01-15 16:00:00,5.74
TCK00265,Network,Critical,2024-03-23 09:00:00,19.53
TCK00266,Hardware,Critical,2024-03-12 08:00:00,36.91
TCK00267,Software,Low,2024-06-07 19:00:00,3.69
TCK00268,Printer,Low,2024-01-23 01:00:00,5.51
TCK00269,Access/Permissions,Low,2024-05-29 15:00:00,12.78
TCK00270,Hardware,Medium,2024-04-07 12:00:00,5.16
TCK00271,Software,Low,2024-03-09 14:00:00,28.29
TCK00272,Network,Medium,2024-06-12 16:00:00,68.32
TCK00273,Network,Medium,2024-03-26 06:00:00,65.67
TCK00274,Network,Low,2024-05-08 09:00:00,60.48
TCK00275,Network,Medium,2024-04-30 11:00:00,22.65
TCK00276,Software,Medium,2024-01-24 23:00:00,24.41
TCK00277,Hardware,Medium,2024-04-23 22:00:00,13.05
TCK00278,Email,Medium,2024-03-13 14:00:00,12.83
TCK00279,Software,Low,2024-04-09 05:00:00,12.82
TCK00280,Network,Low,2024-06-27 21:00:00,16.94
TCK00281,Network,Low,2024-02-21 05:00:00,14.71
TCK00282,Access/Permissions,Low,2024-06-28 16:00:00,12.54
TCK00283,Printer,Medium,2024-05-15 09:00:00,10.28
TCK00284,Network,Low,2024-03-23 01:00:00,5.04
TCK00285,Access/Permissions,Critical,2024-01-06 08:00:00,3.31
TCK00286,Printer,Low,2024-04-13 02:00:00,10.61
TCK00287,Software,Medium,2024-06-03 23:00:00,15.51
TCK00288,Email,High,2024-05-08 00:00:00,5.97
TCK00289,Access/Permissions,Medium,2024-04-10 08:00:00,6.38
TCK00290,Network,Critical,2024-04-19 16:00:00,16.15
TCK00291,Network,Low,2024-06-02 09:00:00,7.53
TCK00292,Email,High,2024-02-11 16:00:00,2.36
TCK00293,Printer,Medium,2024-02-04 05:00:00,3.07
TCK00294,Software,Medium,2024-06-15 02:00:00,23.59
TCK00295,Software,Low,2024-05-28 16:00:00,10.28
TCK00296,Network,Medium,2024-02-10 01:00:00,26.1
TCK00297,Hardware,High,2024-04-29 07:00:00,16.89
TCK00298,Software,Medium,2024-04-09 14:00:00,5.44
TCK00299,Access/Permissions,Critical,2024-02-11 20:00:00,4.5
TCK00300,Network,Critical,2024-01-30 18:00:00,53.04
TCK00301,Network,Medium,2024-02-10 03:00:00,14.83
TCK00302,Email,Medium,2024-01-05 09:00:00,2.27
TCK00303,Access/Permissions,Low,2024-03-30 01:00:00,4.91
TCK00304,Network,Medium,2024-06-01 06:00:00,24.15
TCK00305,Email,Low,2024-01-02 11:00:00,2.56
TCK00306,Hardware,Medium,2024-05-02 10:00:00,14.57
TCK00307,Software,Medium,2024-02-21 19:00:00,7.82
TCK00308,Hardware,High,2024-04-19 15:00:00,10.34
TCK00309,Software,Low,2024-06-21 17:00:00,18.5
TCK00310,Email,High,2024-05-06 16:00:00,5.81
TCK00311,Network,Low,2024-05-12 11:00:00,21.29
TCK00312,Network,Medium,2024-02-11 03:00:00,34.78
TCK00313,Software,Low,2024-02-15 20:00:00,11.78
TCK00314,Network,Medium,2024-06-11 18:00:00,94.87
TCK00315,Software,Medium,2024-05-19 15:00:00,17.3
TCK00316,Network,Low,2024-01-04 00:00:00,63.08
TCK00317,Network,Medium,2024-01-30 11:00:00,52.44
TCK00318,Network,Medium,2024-04-27 15:00:00,23.31
TCK00319,Access/Permissions,Medium,2024-04-11 04:00:00,2.02
TCK00320,Hardware,Medium,2024-06-10 10:00:00,14.22
TCK00321,Software,Low,2024-06-10 19:00:00,25.35
TCK00322,Hardware,Medium,2024-03-28 14:00:00,23.81
TCK00323,Hardware,Medium,2024-04-16 18:00:00,7.51
TCK00324,Printer,Medium,2024-01-12 21:00:00,6.55
TCK00325,Software,Low,2024-03-14 14:00:00,14.86
TCK00326,Network,Low,2024-03-07 17:00:00,46.6
TCK00327,Hardware,Low,2024-04-14 00:00:00,9.05
TCK00328,Software,Medium,2024-03-01 02:00:00,3.8
TCK00329,Software,Medium,2024-01-11 03:00:00,13.08
TCK00330,Printer,High,2024-01-06 13:00:00,7.53
TCK00331,Network,High,2024-06-25 01:00:00,40.07
TCK00332,Software,Low,2024-01-04 22:00:00,13.38
TCK00333,Software,High,2024-05-02 18:00:00,7.29
TCK00334,Software,Low,2024-06-24 23:00:00,15.32
TCK00335,Network,Medium,2024-05-06 12:00:00,31.57
TCK00336,Software,Medium,2024-03-22 09:00:00,7.33
TCK00337,Network,Critical,2024-03-22 06:00:00,18.48
TCK00338,Network,Low,2024-01-17 15:00:00,20.5
TCK00339,Software,Critical,2024-03-30 12:00:00,4.03
TCK00340,Software,Medium,2024-03-03 20:00:00,20.77
TCK00341,Software,Low,2024-03-30 03:00:00,4.86
TCK00342,Printer,Low,2024-04-05 13:00:00,7.64
TCK00343,Software,Medium,2024-02-07 12:00:00,6.3
TCK00344,Software,High,2024-06-27 06:00:00,12.21
TCK00345,Network,High,2024-06-08 19:00:00,48.76
TCK00346,Printer,Medium,2024-04-11 20:00:00,10.91
TCK00347,Network,Medium,2024-01-18 16:00:00,17.95
TCK00348,Printer,Low,2024-04-04 23:00:00,20.69
TCK00349,Software,Medium,2024-06-16 18:00:00,4.12
TCK00350,Software,High,2024-03-30 12:00:00,10.46
TCK00351,Network,Medium,2024-05-24 00:00:00,15.59
TCK00352,Hardware,High,2024-04-16 02:00:00,32.4
TCK00353,Network,Low,2024-03-25 21:00:00,15.83
TCK00354,Network,Critical,2024-02-21 22:00:00,43.76
TCK00355,Network,Critical,2024-05-04 17:00:00,23.36
TCK00356,Software,High,2024-04-01 12:00:00,11.57
TCK00357,Software,Low,2024-02-02 12:00:00,28.1
TCK00358,Access/Permissions,Low,2024-04-06 16:00:00,7.17
TCK00359,Network,Medium,2024-06-03 01:00:00,23.21
TCK00360,Software,Low,2024-03-06 07:00:00,10.45
TCK00361,Printer,Low,2024-05-04 14:00:00,12.84
TCK00362,Printer,Medium,2024-01-27 22:00:00,4.64
TCK00363,Network,Low,2024-01-28 13:00:00,33.74
TCK00364,Network,Medium,2024-06-23 07:00:00,17.38
TCK00365,Hardware,High,2024-02-27 08:00:00,3.67
TCK00366,Access/Permissions,High,2024-02-24 08:00:00,5.59
TCK00367,Network,Medium,2024-06-04 07:00:00,37.64
TCK00368,Network,Low,2024-03-18 07:00:00,41.31
TCK00369,Network,Medium,2024-06-14 07:00:00,34.38
TCK00370,Hardware,Medium,2024-05-04 03:00:00,30.68
TCK00371,Access/Permissions,Low,2024-04-04 00:00:00,8.28
TCK00372,Printer,Medium,2024-02-16 20:00:00,14.85
TCK00373,Hardware,Medium,2024-03-21 09:00:00,18.3
TCK00374,Hardware,Medium,2024-04-12 04:00:00,26.99
TCK00375,Network,Low,2024-04-06 16:00:00,18.63
TCK00376,Network,Medium,2024-05-02 19:00:00,94.05
TCK00377,Software,Medium,2024-05-15 19:00:00,12.39
TCK00378,Network,Low,2024-01-23 13:00:00,54.35
TCK00379,Network,High,2024-03-27 02:00:00,12.03
TCK00380,Software,Low,2024-03-09 19:00:00,11.03
TCK00381,Email,High,2024-02-12 11:00:00,2.46
TCK00382,Software,Low,2024-01-17 14:00:00,8.77
TCK00383,Printer,Medium,2024-05-24 15:00:00,9.58
TCK00384,Network,Medium,2024-03-19 13:00:00,9.91
TCK00385,Network,Medium,2024-03-20 04:00:00,20.5
TCK00386,Software,Medium,2024-01-30 07:00:00,16.92
TCK00387,Network,Low,2024-05-04 02:00:00,64.03
TCK00388,Network,Medium,2024-06-27 11:00:00,19.88
TCK00389,Printer,Medium,2024-02-29 15:00:00,7.52
TCK00390,Network,High,2024-01-27 07:00:00,23.48
TCK00391,Hardware,Medium,2024-01-09 12:00:00,9.95
TCK00392,Network,Medium,2024-02-06 10:00:00,19.51
TCK00393,Software,Medium,2024-05-10 21:00:00,14.42
TCK00394,Printer,Low,2024-04-15 19:00:00,8.44
TCK00395,Software,Medium,2024-06-01 04:00:00,5.76
TCK00396,Software,Critical,2024-03-21 11:00:00,17.29
TCK00397,Network,Low,2024-02-07 06:00:00,38.4
TCK00398,Software,Low,2024-03-28 02:00:00,9.32
TCK00399,Access/Permissions,Medium,2024-03-04 05:00:00,2.54
TCK00400,Printer,High,2024-05-10 17:00:00,0.53
TCK00401,Printer,Medium,2024-06-05 06:00:00,5.0
TCK00402,Email,Medium,2024-03-12 23:00:00,4.65
TCK00403,Software,Low,2024-04-06 20:00:00,9.12
TCK00404,Software,Low,2024-03-13 21:00:00,6.5
TCK00405,Network,High,2024-03-28 17:00:00,33.12
TCK00406,Network,Low,2024-02-14 11:00:00,61.91
TCK00407,Software,Low,2024-03-16 14:00:00,9.47
TCK00408,Printer,Low,2024-06-01 09:00:00,15.05
TCK00409,Hardware,High,2024-01-21 04:00:00,30.69
TCK00410,Printer,Medium,2024-05-26 21:00:00,10.93
TCK00411,Network,High,2024-01-11 18:00:00,93.5
TCK00412,Hardware,Medium,2024-01-29 15:00:00,17.86
TCK00413,Software,Medium,2024-03-15 05:00:00,6.98
TCK00414,Software,Low,2024-01-28 21:00:00,23.34
TCK00415,Network,High,2024-03-07 10:00:00,51.14
TCK00416,Printer,Low,2024-01-10 10:00:00,28.57
TCK00417,Printer,High,2024-01-27 21:00:00,4.01
TCK00418,Email,Medium,2024-04-25 12:00:00,8.32
TCK00419,Email,High,2024-03-16 21:00:00,6.1
TCK00420,Network,Low,2024-03-12 11:00:00,15.17
TCK00421,Access/Permissions,Low,2024-02-15 18:00:00,10.38
TCK00422,Printer,Medium,2024-02-08 18:00:00,18.01
TCK00423,Access/Permissions,Low,2024-02-08 23:00:00,7.02
TCK00424,Network,Low,2024-03-07 18:00:00,13.38
TCK00425,Software,Low,2024-02-25 16:00:00,22.04
TCK00426,Printer,High,2024-06-13 02:00:00,3.13
TCK00427,Printer,Medium,2024-04-12 06:00:00,6.28
TCK00428,Network,Medium,2024-05-30 18:00:00,12.06
TCK00429,Email,Medium,2024-03-20 08:00:00,3.87
TCK00430,Network,High,2024-03-01 09:00:00,34.16
TCK00431,Printer,Critical,2024-06-06 21:00:00,4.24
TCK00432,Network,High,2024-02-17 15:00:00,48.62
TCK00433,Software,Low,2024-01-12 21:00:00,13.11
TCK00434,Email,Low,2024-05-07 00:00:00,3.05
TCK00435,Access/Permissions,Low,2024-01-03 19:00:00,2.3
TCK00436,Software,Medium,2024-02-15 05:00:00,5.05
TCK00437,Network,Medium,2024-03-07 01:00:00,70.05
TCK00438,Network,Medium,2024-03-26 04:00:00,43.3
TCK00439,Network,High,2024-01-31 07:00:00,19.07
TCK00440,Software,Low,2024-03-27 09:00:00,14.37
TCK00441,Network,High,2024-03-06 13:00:00,63.41
TCK00442,Software,Low,2024-01-25 02:00:00,19.0
TCK00443,Printer,Medium,2024-05-04 22:00:00,13.32
TCK00444,Network,Medium,2024-05-23 19:00:00,23.3
TCK00445,Software,Medium,2024-01-06 21:00:00,4.14
TCK00446,Software,Low,2024-02-25 05:00:00,19.18
TCK00447,Printer,High,2024-01-15 04:00:00,2.79
TCK00448,Network,Low,2024-02-05 15:00:00,21.82
TCK00449,Printer,Medium,2024-03-04 05:00:00,5.01
TCK00450,Hardware,High,2024-02-17 04:00:00,5.28
TCK00451,Network,High,2024-02-11 03:00:00,19.53
TCK00452,Network,Medium,2024-06-17 01:00:00,29.14
TCK00453,Email,Medium,2024-03-14 22:00:00,10.0
TCK00454,Network,Medium,2024-06-15 22:00:00,19.43
TCK00455,Software,Medium,2024-03-17 18:00:00,11.71
TCK00456,Printer,Medium,2024-02-02 02:00:00,8.09
TCK00457,Network,High,2024-01-17 02:00:00,12.01
TCK00458,Hardware,Low,2024-03-18 08:00:00,17.09
TCK00459,Hardware,High,2024-06-21 16:00:00,14.35
TCK00460,Network,Medium,2024-02-17 02:00:00,9.02
TCK00461,Access/Permissions,Low,2024-06-16 12:00:00,6.24
TCK00462,Hardware,Medium,2024-05-15 03:00:00,28.67
TCK00463,Software,Low,2024-03-26 01:00:00,10.48
TCK00464,Software,Medium,2024-05-04 04:00:00,11.88
TCK00465,Network,High,2024-04-18 14:00:00,54.3
TCK00466,Network,Medium,2024-05-02 00:00:00,56.57
TCK00467,Software,Medium,2024-06-03 03:00:00,27.92
TCK00468,Network,Critical,2024-02-28 07:00:00,12.29
TCK00469,Network,High,2024-02-22 09:00:00,28.29
TCK00470,Network,Low,2024-06-29 20:00:00,36.92
TCK00471,Printer,Low,2024-05-11 14:00:00,6.64
TCK00472,Printer,Medium,2024-02-03 04:00:00,2.58
TCK00473,Software,Low,2024-04-08 00:00:00,4.21
TCK00474,Network,Low,2024-04-09 14:00:00,6.74
TCK00475,Network,Low,2024-05-04 13:00:00,18.75
TCK00476,Network,High,2024-03-04 10:00:00,31.75
TCK00477,Network,High,2024-05-12 02:00:00,11.64
TCK00478,Software,Medium,2024-04-28 02:00:00,9.33
TCK00479,Software,Medium,2024-06-04 10:00:00,5.03
TCK00480,Software,Medium,2024-03-17 21:00:00,22.69
TCK00481,Email,Low,2024-02-10 16:00:00,4.72
TCK00482,Software,Low,2024-02-06 18:00:00,15.55
TCK00483,Printer,Medium,2024-03-08 02:00:00,7.86
TCK00484,Access/Permissions,Medium,2024-04-27 00:00:00,11.14
TCK00485,Software,Medium,2024-06-08 06:00:00,7.12
TCK00486,Printer,Low,2024-03-18 15:00:00,7.08
TCK00487,Printer,Low,2024-04-13 18:00:00,14.94
TCK00488,Printer,Low,2024-04-25 07:00:00,24.75
TCK00489,Email,Low,2024-01-29 23:00:00,5.82
TCK00490,Email,Critical,2024-04-06 07:00:00,8.61
TCK00491,Network,High,2024-04-03 03:00:00,9.39
TCK00492,Access/Permissions,High,2024-04-03 09:00:00,4.64
TCK00493,Network,Medium,2024-03-24 22:00:00,14.81
TCK00494,Hardware,Low,2024-01-08 19:00:00,39.55
TCK00495,Network,High,2024-04-10 22:00:00,39.22
TCK00496,Network,Medium,2024-03-03 09:00:00,8.09
TCK00497,Network,High,2024-02-10 13:00:00,16.05
TCK00498,Network,Low,2024-03-07 04:00:00,29.58
TCK00499,Network,Low,2024-06-09 18:00:00,51.52
TCK00500,Network,High,2024-03-07 05:00:00,30.24
TCK00501,Access/Permissions,High,2024-04-06 03:00:00,3.88
TCK00502,Email,Low,2024-06-03 06:00:00,6.14
TCK00503,Hardware,Low,2024-02-22 16:00:00,25.35
TCK00504,Network,Low,2024-04-07 13:00:00,29.89
TCK00505,Hardware,High,2024-01-28 19:00:00,26.56
TCK00506,Hardware,Low,2024-02-04 02:00:00,25.87
TCK00507,Printer,Low,2024-01-20 14:00:00,7.35
TCK00508,Hardware,Medium,2024-06-20 14:00:00,22.02
TCK00509,Network,Low,2024-05-26 19:00:00,21.21
TCK00510,Network,Low,2024-02-24 20:00:00,24.45
TCK00511,Software,Medium,2024-05-20 14:00:00,9.32
TCK00512,Software,High,2024-02-07 03:00:00,10.39
TCK00513,Hardware,Medium,2024-05-14 21:00:00,19.43
TCK00514,Printer,Low,2024-04-21 04:00:00,11.77
TCK00515,Access/Permissions,Critical,2024-02-09 03:00:00,4.81
TCK00516,Access/Permissions,Low,2024-01-15 19:00:00,9.32
TCK00517,Software,Low,2024-06-01 09:00:00,16.82
TCK00518,Hardware,Low,2024-03-24 13:00:00,17.79
TCK00519,Access/Permissions,Low,2024-06-09 11:00:00,5.61
TCK00520,Network,Medium,2024-01-31 19:00:00,24.92
TCK00521,Software,Low,2024-04-14 16:00:00,9.08
TCK00522,Printer,Low,2024-06-05 20:00:00,7.1
TCK00523,Network,Medium,2024-03-04 12:00:00,16.89
TCK00524,Access/Permissions,Low,2024-06-11 08:00:00,9.26
TCK00525,Printer,Low,2024-06-29 00:00:00,3.04
TCK00526,Network,Low,2024-01-27 19:00:00,31.83
TCK00527,Software,Medium,2024-02-21 17:00:00,17.28
TCK00528,Printer,Low,2024-03-17 23:00:00,8.1
TCK00529,Network,Medium,2024-05-16 06:00:00,30.61
TCK00530,Software,High,2024-01-20 04:00:00,16.64
TCK00531,Access/Permissions,Low,2024-02-14 16:00:00,9.99
TCK00532,Network,Medium,2024-03-07 08:00:00,32.43
TCK00533,Network,Low,2024-04-05 15:00:00,38.13
TCK00534,Printer,Medium,2024-04-25 23:00:00,22.57
TCK00535,Network,High,2024-04-07 21:00:00,26.78
TCK00536,Network,Low,2024-02-16 12:00:00,45.47
TCK00537,Network,Critical,2024-03-05 10:00:00,25.94
TCK00538,Access/Permissions,Low,2024-03-19 18:00:00,5.18
TCK00539,Network,Medium,2024-02-06 05:00:00,29.41
TCK00540,Email,High,2024-05-22 17:00:00,4.56
TCK00541,Hardware,Critical,2024-02-08 17:00:00,10.5
TCK00542,Access/Permissions,Low,2024-06-27 10:00:00,7.09
TCK00543,Access/Permissions,High,2024-05-09 19:00:00,7.62
TCK00544,Software,Low,2024-04-08 17:00:00,10.93
TCK00545,Email,Low,2024-05-02 08:00:00,7.31
TCK00546,Printer,Low,2024-05-18 06:00:00,6.98
TCK00547,Printer,Low,2024-04-20 12:00:00,24.93
TCK00548,Network,Low,2024-05-22 22:00:00,21.95
TCK00549,Hardware,High,2024-01-05 19:00:00,31.56
TCK00550,Printer,High,2024-01-07 09:00:00,1.81
TCK00551,Network,Medium,2024-06-06 18:00:00,15.57
TCK00552,Network,Medium,2024-03-22 16:00:00,40.8
TCK00553,Software,Medium,2024-01-28 12:00:00,29.28
TCK00554,Hardware,High,2024-03-31 19:00:00,17.04
TCK00555,Printer,Medium,2024-05-12 12:00:00,3.3
TCK00556,Printer,Low,2024-05-29 00:00:00,9.92
TCK00557,Network,High,2024-02-27 22:00:00,34.45
TCK00558,Access/Permissions,High,2024-06-18 17:00:00,6.77
TCK00559,Software,Medium,2024-05-15 12:00:00,8.57
TCK00560,Network,High,2024-02-04 08:00:00,7.66
TCK00561,Network,Medium,2024-06-11 08:00:00,12.56
TCK00562,Network,Medium,2024-06-18 03:00:00,12.57
TCK00563,Access/Permissions,Medium,2024-05-15 00:00:00,4.55
TCK00564,Network,Medium,2024-01-09 13:00:00,49.79
TCK00565,Network,Critical,2024-06-07 19:00:00,58.31
TCK00566,Network,Medium,2024-05-16 09:00:00,7.29
TCK00567,Network,Medium,2024-02-10 16:00:00,38.76
TCK00568,Access/Permissions,High,2024-04-26 16:00:00,1.78
TCK00569,Software,Medium,2024-04-15 16:00:00,5.33
TCK00570,Network,High,2024-02-11 22:00:00,23.82
TCK00571,Access/Permissions,High,2024-06-01 16:00:00,4.22
TCK00572,Network,Low,2024-01-24 08:00:00,19.84
TCK00573,Software,High,2024-06-22 08:00:00,11.1
TCK00574,Hardware,High,2024-01-16 08:00:00,3.44
TCK00575,Printer,Low,2024-04-29 17:00:00,14.51
TCK00576,Software,Medium,2024-02-11 08:00:00,15.42
TCK00577,Network,Medium,2024-05-21 23:00:00,22.97
TCK00578,Software,Medium,2024-03-02 17:00:00,14.61
TCK00579,Access/Permissions,Medium,2024-03-05 01:00:00,6.66
TCK00580,Network,Medium,2024-06-03 01:00:00,42.2
TCK00581,Printer,Low,2024-01-05 16:00:00,7.74
TCK00582,Hardware,High,2024-01-22 12:00:00,13.76
TCK00583,Hardware,Low,2024-05-09 08:00:00,11.3
TCK00584,Network,Low,2024-04-18 14:00:00,7.37
TCK00585,Printer,High,2024-04-11 14:00:00,3.48
TCK00586,Access/Permissions,Low,2024-04-25 01:00:00,7.22
TCK00587,Network,Medium,2024-01-09 09:00:00,23.08
TCK00588,Access/Permissions,Medium,2024-06-07 10:00:00,2.85
TCK00589,Network,Medium,2024-01-09 15:00:00,42.01
TCK00590,Network,Medium,2024-06-28 18:00:00,78.12
TCK00591,Printer,Low,2024-04-01 11:00:00,19.32
TCK00592,Network,Low,2024-03-13 14:00:00,55.09
TCK00593,Software,Medium,2024-06-23 19:00:00,37.16
TCK00594,Printer,Low,2024-02-22 23:00:00,4.1
TCK00595,Access/Permissions,Medium,2024-01-12 19:00:00,1.97
TCK00596,Software,High,2024-05-25 11:00:00,28.27
TCK00597,Software,Medium,2024-01-08 07:00:00,12.25
TCK00598,Network,High,2024-02-26 20:00:00,77.95
TCK00599,Software,Low,2024-06-02 04:00:00,17.43
TCK00600,Software,Medium,2024-06-16 09:00:00,8.99
TCK00601,Printer,Medium,2024-04-26 00:00:00,9.36
TCK00602,Network,Low,2024-04-03 18:00:00,65.32
TCK00603,Access/Permissions,Low,2024-02-25 07:00:00,4.41
TCK00604,Printer,Medium,2024-04-08 14:00:00,2.91
TCK00605,Access/Permissions,Medium,2024-06-08 05:00:00,6.04
TCK00606,Email,Medium,2024-04-16 12:00:00,8.05
TCK00607,Hardware,High,2024-03-19 01:00:00,52.13
TCK00608,Software,Medium,2024-01-31 21:00:00,3.75
TCK00609,Printer,Low,2024-01-03 14:00:00,1.6
TCK00610,Software,Low,2024-01-06 14:00:00,12.34
TCK00611,Network,High,2024-05-04 05:00:00,16.91
TCK00612,Network,Low,2024-02-08 12:00:00,41.77
TCK00613,Access/Permissions,Low,2024-06-22 12:00:00,6.52
TCK00614,Printer,Medium,2024-05-30 06:00:00,12.98
TCK00615,Printer,High,2024-04-17 23:00:00,4.46
TCK00616,Email,Medium,2024-02-20 00:00:00,6.66
TCK00617,Network,Medium,2024-03-30 20:00:00,26.81
TCK00618,Network,High,2024-01-04 14:00:00,29.62
TCK00619,Software,Medium,2024-05-17 22:00:00,13.74
TCK00620,Network,Medium,2024-03-09 15:00:00,28.54
TCK00621,Network,Low,2024-01-21 18:00:00,66.51
TCK00622,Hardware,Low,2024-05-04 03:00:00,13.63
TCK00623,Network,Low,2024-01-07 02:00:00,21.53
TCK00624,Access/Permissions,Medium,2024-04-10 10:00:00,1.0
TCK00625,Software,Medium,2024-01-19 16:00:00,26.61
TCK00626,Network,Medium,2024-03-21 00:00:00,36.67
TCK00627,Software,Low,2024-05-03 20:00:00,38.17
TCK00628,Printer,Medium,2024-02-26 04:00:00,12.26
TCK00629,Printer,High,2024-05-31 21:00:00,14.75
TCK00630,Network,Medium,2024-06-03 04:00:00,40.37
TCK00631,Access/Permissions,Medium,2024-03-17 23:00:00,2.81
TCK00632,Email,High,2024-04-16 02:00:00,3.47
TCK00633,Software,High,2024-06-16 00:00:00,7.99
TCK00634,Software,Low,2024-03-28 16:00:00,10.46
TCK00635,Printer,Low,2024-04-29 16:00:00,13.55
TCK00636,Software,Medium,2024-04-09 06:00:00,11.94
TCK00637,Access/Permissions,Medium,2024-04-19 05:00:00,3.68
TCK00638,Hardware,Low,2024-04-21 02:00:00,14.27
TCK00639,Printer,Medium,2024-01-28 22:00:00,11.63
TCK00640,Email,Medium,2024-03-22 11:00:00,5.81
TCK00641,Access/Permissions,High,2024-05-21 01:00:00,11.64
TCK00642,Network,Low,2024-01-02 19:00:00,16.54
TCK00643,Printer,Medium,2024-04-12 00:00:00,10.88
TCK00644,Software,Medium,2024-02-03 11:00:00,13.52
TCK00645,Network,Medium,2024-01-03 05:00:00,50.5
TCK00646,Software,Low,2024-02-09 18:00:00,21.1
TCK00647,Software,Low,2024-01-16 10:00:00,20.22
TCK00648,Access/Permissions,High,2024-01-16 23:00:00,12.63
TCK00649,Access/Permissions,Low,2024-06-26 03:00:00,17.78
TCK00650,Network,Medium,2024-05-02 22:00:00,43.05
TCK00651,Email,High,2024-02-26 19:00:00,1.86
TCK00652,Access/Permissions,Low,2024-02-02 00:00:00,1.49
TCK00653,Printer,High,2024-04-29 19:00:00,6.8
TCK00654,Access/Permissions,Low,2024-03-28 15:00:00,5.56
TCK00655,Software,Medium,2024-04-09 02:00:00,4.41
TCK00656,Access/Permissions,Critical,2024-05-19 11:00:00,7.55
TCK00657,Software,Medium,2024-05-24 15:00:00,22.19
TCK00658,Network,Low,2024-06-06 02:00:00,22.12
TCK00659,Network,Low,2024-01-07 21:00:00,48.95
TCK00660,Printer,Medium,2024-06-08 23:00:00,14.48
TCK00661,Printer,Medium,2024-04-17 16:00:00,22.54
TCK00662,Software,Medium,2024-05-26 17:00:00,7.19
TCK00663,Software,High,2024-04-17 19:00:00,28.16
TCK00664,Network,Critical,2024-04-27 19:00:00,49.97
TCK00665,Printer,Medium,2024-06-14 18:00:00,7.91
TCK00666,Hardware,High,2024-02-15 18:00:00,16.01
TCK00667,Access/Permissions,Medium,2024-04-14 09:00:00,2.16
TCK00668,Access/Permissions,High,2024-03-10 22:00:00,2.08
TCK00669,Network,Medium,2024-06-15 16:00:00,82.39
TCK00670,Access/Permissions,High,2024-02-17 13:00:00,7.5
TCK00671,Printer,High,2024-03-18 09:00:00,9.38
TCK00672,Network,High,2024-03-08 02:00:00,7.16
TCK00673,Network,Medium,2024-04-09 11:00:00,49.28
TCK00674,Printer,Medium,2024-04-16 22:00:00,10.37
TCK00675,Hardware,High,2024-05-18 15:00:00,16.01
TCK00676,Printer,Low,2024-02-22 09:00:00,13.04
TCK00677,Printer,High,2024-06-09 16:00:00,18.74
TCK00678,Printer,Low,2024-03-05 10:00:00,6.21
TCK00679,Software,Low,2024-04-25 15:00:00,26.04
TCK00680,Network,Low,2024-06-14 10:00:00,20.5
TCK00681,Network,Low,2024-01-28 01:00:00,19.52
TCK00682,Hardware,Medium,2024-06-21 03:00:00,22.57
TCK00683,Hardware,High,2024-06-14 06:00:00,11.14
TCK00684,Network,High,2024-06-20 02:00:00,55.4
TCK00685,Software,Medium,2024-03-21 23:00:00,14.72
TCK00686,Network,Medium,2024-05-14 00:00:00,32.11
TCK00687,Access/Permissions,Low,2024-01-10 09:00:00,5.21
TCK00688,Access/Permissions,Medium,2024-05-23 10:00:00,5.92
TCK00689,Printer,Low,2024-02-05 04:00:00,3.91
TCK00690,Software,Medium,2024-02-21 10:00:00,7.28
TCK00691,Network,Medium,2024-01-08 18:00:00,32.44
TCK00692,Network,Low,2024-02-05 08:00:00,27.37
TCK00693,Software,High,2024-05-13 11:00:00,25.76
TCK00694,Printer,Medium,2024-05-15 18:00:00,9.11
TCK00695,Network,Low,2024-04-26 01:00:00,12.46
TCK00696,Software,Medium,2024-04-05 14:00:00,5.78
TCK00697,Email,Medium,2024-01-30 02:00:00,5.07
TCK00698,Access/Permissions,Medium,2024-06-11 20:00:00,7.22
TCK00699,Network,High,2024-05-28 06:00:00,13.67
TCK00700,Access/Permissions,Medium,2024-05-04 09:00:00,7.28
TCK00701,Network,Medium,2024-02-07 22:00:00,52.19
TCK00702,Network,Low,2024-06-24 04:00:00,29.05
TCK00703,Email,Medium,2024-03-04 08:00:00,6.2
TCK00704,Access/Permissions,Medium,2024-04-26 21:00:00,1.94
TCK00705,Hardware,High,2024-04-27 20:00:00,29.84
TCK00706,Software,Low,2024-01-06 22:00:00,19.08
TCK00707,Software,Medium,2024-04-11 07:00:00,12.88
TCK00708,Printer,Low,2024-04-26 02:00:00,5.74
TCK00709,Network,Low,2024-03-03 16:00:00,28.87
TCK00710,Printer,Medium,2024-05-17 15:00:00,8.43
TCK00711,Network,Medium,2024-03-03 16:00:00,40.97
TCK00712,Printer,Medium,2024-01-21 12:00:00,3.68
TCK00713,Software,High,2024-06-29 02:00:00,3.55
TCK00714,Network,Low,2024-02-06 06:00:00,17.32
TCK00715,Software,Medium,2024-06-18 13:00:00,20.36
TCK00716,Software,Medium,2024-06-05 03:00:00,4.18
TCK00717,Network,Medium,2024-05-12 08:00:00,15.47
TCK00718,Network,Low,2024-03-22 17:00:00,5.9
TCK00719,Printer,High,2024-06-15 21:00:00,9.69
TCK00720,Printer,Medium,2024-02-23 01:00:00,3.59
TCK00721,Network,High,2024-02-08 03:00:00,35.04
TCK00722,Email,High,2024-04-14 15:00:00,10.0
TCK00723,Software,High,2024-04-09 22:00:00,24.86
TCK00724,Network,Low,2024-02-22 21:00:00,16.71
TCK00725,Network,Low,2024-01-27 03:00:00,32.85
TCK00726,Network,Medium,2024-01-11 09:00:00,18.4
TCK00727,Access/Permissions,Medium,2024-02-10 23:00:00,5.74
TCK00728,Hardware,Medium,2024-03-23 19:00:00,8.01
TCK00729,Network,High,2024-03-11 06:00:00,16.3
TCK00730,Printer,Low,2024-06-28 02:00:00,19.21
TCK00731,Network,Medium,2024-01-13 22:00:00,16.42
TCK00732,Network,High,2024-01-15 23:00:00,22.81
TCK00733,Access/Permissions,Medium,2024-06-15 22:00:00,6.22
TCK00734,Printer,High,2024-06-14 01:00:00,3.33
TCK00735,Network,High,2024-03-12 15:00:00,20.23
TCK00736,Access/Permissions,Medium,2024-03-09 04:00:00,4.87
TCK00737,Network,Medium,2024-03-01 09:00:00,34.31
TCK00738,Hardware,Medium,2024-06-05 14:00:00,20.63
TCK00739,Software,Low,2024-01-07 21:00:00,4.09
TCK00740,Network,Medium,2024-05-26 12:00:00,2.0
TCK00741,Access/Permissions,High,2024-04-12 14:00:00,6.79
TCK00742,Printer,Medium,2024-05-08 04:00:00,7.12
TCK00743,Network,Medium,2024-02-28 19:00:00,65.87
TCK00744,Hardware,Low,2024-06-20 10:00:00,21.41
TCK00745,Network,Medium,2024-04-12 18:00:00,40.12
TCK00746,Printer,High,2024-06-25 16:00:00,1.57
TCK00747,Printer,Medium,2024-05-13 20:00:00,25.74
TCK00748,Network,Low,2024-02-03 15:00:00,73.03
TCK00749,Email,Low,2024-02-24 11:00:00,11.63
TCK00750,Network,Critical,2024-04-01 22:00:00,29.38
TCK00751,Network,High,2024-05-28 23:00:00,4.19
TCK00752,Network,Low,2024-05-17 13:00:00,17.24
TCK00753,Access/Permissions,Medium,2024-06-02 09:00:00,4.42
TCK00754,Software,High,2024-04-15 21:00:00,14.65
TCK00755,Access/Permissions,Medium,2024-05-14 01:00:00,6.4
TCK00756,Printer,Low,2024-06-14 02:00:00,2.41
TCK00757,Email,Medium,2024-03-02 11:00:00,2.75
TCK00758,Email,Medium,2024-02-20 16:00:00,2.87
TCK00759,Email,Low,2024-04-27 02:00:00,3.98
TCK00760,Network,Low,2024-02-16 02:00:00,10.02
TCK00761,Hardware,Medium,2024-06-20 21:00:00,11.95
TCK00762,Software,High,2024-05-28 09:00:00,15.22
TCK00763,Hardware,Low,2024-03-22 16:00:00,10.97
TCK00764,Printer,High,2024-05-02 22:00:00,6.95
TCK00765,Network,High,2024-02-10 17:00:00,6.06
TCK00766,Software,Low,2024-01-18 22:00:00,25.44
TCK00767,Access/Permissions,Medium,2024-04-07 02:00:00,12.25
TCK00768,Software,Low,2024-03-26 19:00:00,15.85
TCK00769,Network,Low,2024-01-20 08:00:00,38.45
TCK00770,Network,Medium,2024-03-19 12:00:00,18.67
TCK00771,Network,Low,2024-02-10 09:00:00,42.9
TCK00772,Access/Permissions,Medium,2024-06-16 05:00:00,6.63
TCK00773,Network,Low,2024-03-27 10:00:00,28.33
TCK00774,Hardware,Medium,2024-06-28 23:00:00,26.07
TCK00775,Network,Low,2024-01-02 20:00:00,48.46
TCK00776,Printer,Low,2024-01-29 19:00:00,5.49
TCK00777,Network,Low,2024-05-21 22:00:00,36.02
TCK00778,Hardware,Low,2024-06-05 04:00:00,27.55
TCK00779,Network,Critical,2024-03-31 22:00:00,52.5
TCK00780,Software,Critical,2024-01-12 23:00:00,7.82
TCK00781,Hardware,Medium,2024-04-08 11:00:00,16.09
TCK00782,Network,Medium,2024-03-31 16:00:00,77.88
TCK00783,Network,Medium,2024-06-13 14:00:00,13.94
TCK00784,Network,High,2024-02-17 03:00:00,17.07
TCK00785,Network,Low,2024-01-01 11:00:00,13.38
TCK00786,Software,High,2024-02-05 04:00:00,10.0
TCK00787,Access/Permissions,Low,2024-02-22 21:00:00,6.31
TCK00788,Network,Medium,2024-04-02 01:00:00,13.57
TCK00789,Software,Medium,2024-03-19 09:00:00,5.94
TCK00790,Network,Low,2024-03-11 14:00:00,71.64
TCK00791,Hardware,High,2024-04-20 20:00:00,37.74
TCK00792,Network,Low,2024-03-13 23:00:00,72.9
TCK00793,Printer,Medium,2024-06-21 03:00:00,2.46
TCK00794,Software,Medium,2024-01-28 14:00:00,20.37
TCK00795,Network,Low,2024-04-22 20:00:00,51.77
TCK00796,Access/Permissions,Low,2024-05-13 21:00:00,13.24
TCK00797,Network,High,2024-05-24 16:00:00,16.08
TCK00798,Access/Permissions,High,2024-06-21 10:00:00,6.33
TCK00799,Access/Permissions,Medium,2024-06-23 02:00:00,10.97
TCK00800,Access/Permissions,Critical,2024-04-25 18:00:00,6.11
TCK00801,Network,Low,2024-06-18 22:00:00,25.61
TCK00802,Network,High,2024-03-23 18:00:00,32.39
TCK00803,Network,Low,2024-06-15 12:00:00,31.35
TCK00804,Hardware,Medium,2024-04-24 20:00:00,28.75
TCK00805,Access/Permissions,Medium,2024-05-11 00:00:00,4.34
TCK00806,Network,High,2024-05-26 08:00:00,54.82
TCK00807,Software,Medium,2024-06-12 13:00:00,7.62
TCK00808,Software,Low,2024-06-15 06:00:00,7.71
TCK00809,Software,Low,2024-06-28 10:00:00,7.56
TCK00810,Network,High,2024-04-20 17:00:00,25.94
TCK00811,Access/Permissions,Low,2024-02-21 19:00:00,12.39
TCK00812,Software,Medium,2024-03-22 00:00:00,17.35
TCK00813,Email,Low,2024-05-31 10:00:00,3.5
TCK00814,Access/Permissions,Low,2024-02-15 18:00:00,4.84
TCK00815,Access/Permissions,Low,2024-05-22 11:00:00,6.08
TCK00816,Hardware,Low,2024-04-27 21:00:00,8.2
TCK00817,Access/Permissions,Critical,2024-03-14 21:00:00,2.38
TCK00818,Printer,Medium,2024-04-21 01:00:00,2.25
TCK00819,Software,Medium,2024-01-22 01:00:00,13.81
TCK00820,Network,Medium,2024-01-17 06:00:00,35.91
TCK00821,Network,High,2024-01-29 00:00:00,22.35
TCK00822,Access/Permissions,Low,2024-01-31 09:00:00,2.76
TCK00823,Network,Medium,2024-06-08 20:00:00,14.99
TCK00824,Access/Permissions,Medium,2024-01-22 03:00:00,2.63
TCK00825,Software,High,2024-05-09 06:00:00,7.52
TCK00826,Access/Permissions,Medium,2024-06-03 19:00:00,5.92
TCK00827,Network,High,2024-01-29 20:00:00,37.63
TCK00828,Printer,Low,2024-03-13 07:00:00,3.98
TCK00829,Software,Medium,2024-03-27 16:00:00,15.74
TCK00830,Hardware,High,2024-02-05 03:00:00,11.67
TCK00831,Network,Low,2024-01-12 06:00:00,22.11
TCK00832,Network,Low,2024-03-14 19:00:00,27.81
TCK00833,Printer,High,2024-02-07 02:00:00,2.07
TCK00834,Software,High,2024-03-31 21:00:00,22.44
TCK00835,Software,Low,2024-06-25 15:00:00,11.62
TCK00836,Network,Medium,2024-02-09 17:00:00,28.7
TCK00837,Network,Medium,2024-05-10 04:00:00,8.56
TCK00838,Network,Medium,2024-03-20 06:00:00,28.89
TCK00839,Access/Permissions,Low,2024-01-02 10:00:00,4.93
TCK00840,Software,Medium,2024-06-19 06:00:00,8.64
TCK00841,Software,Low,2024-01-24 04:00:00,22.35
TCK00842,Network,Low,2024-02-12 08:00:00,37.89
TCK00843,Software,Medium,2024-04-06 09:00:00,16.88
TCK00844,Printer,Low,2024-06-18 00:00:00,11.6
TCK00845,Network,Low,2024-06-25 05:00:00,40.78
TCK00846,Printer,Low,2024-02-18 12:00:00,6.78
TCK00847,Network,Low,2024-02-14 23:00:00,19.29
TCK00848,Software,Medium,2024-04-25 19:00:00,6.22
TCK00849,Printer,Medium,2024-05-25 23:00:00,5.73
TCK00850,Software,Low,2024-06-25 19:00:00,16.62
TCK00851,Software,Medium,2024-03-18 06:00:00,8.79
TCK00852,Software,Medium,2024-05-26 06:00:00,16.68
TCK00853,Network,Medium,2024-05-02 06:00:00,21.37
TCK00854,Network,Low,2024-06-07 11:00:00,65.53
TCK00855,Email,High,2024-01-06 06:00:00,1.18
TCK00856,Software,Medium,2024-02-26 22:00:00,8.02
TCK00857,Access/Permissions,Critical,2024-04-30 07:00:00,5.68
TCK00858,Printer,High,2024-03-14 15:00:00,6.86
TCK00859,Network,Medium,2024-02-27 07:00:00,13.43
TCK00860,Software,Medium,2024-05-17 08:00:00,5.77
TCK00861,Network,Low,2024-01-29 09:00:00,37.16
TCK00862,Network,Medium,2024-02-27 02:00:00,38.02
TCK00863,Access/Permissions,Medium,2024-05-15 08:00:00,13.51
TCK00864,Network,Medium,2024-05-24 16:00:00,14.2
TCK00865,Hardware,High,2024-04-18 05:00:00,22.23
TCK00866,Network,Low,2024-02-27 10:00:00,14.62
TCK00867,Network,Medium,2024-06-26 00:00:00,56.1
TCK00868,Printer,Medium,2024-03-14 09:00:00,15.26
TCK00869,Network,Low,2024-06-15 02:00:00,35.39
TCK00870,Network,High,2024-01-15 08:00:00,78.59
TCK00871,Software,Low,2024-04-18 06:00:00,25.6
TCK00872,Email,Medium,2024-01-12 09:00:00,2.76
TCK00873,Network,Medium,2024-04-21 04:00:00,8.42
TCK00874,Printer,Low,2024-05-18 20:00:00,21.42
TCK00875,Printer,Critical,2024-05-15 20:00:00,12.29
TCK00876,Printer,Low,2024-02-17 12:00:00,2.0
TCK00877,Network,Medium,2024-03-15 05:00:00,12.85
TCK00878,Network,Critical,2024-02-18 22:00:00,8.59
TCK00879,Network,Low,2024-02-02 19:00:00,9.77
TCK00880,Network,Medium,2024-05-08 12:00:00,72.11
TCK00881,Hardware,Low,2024-05-02 05:00:00,7.77
TCK00882,Software,Medium,2024-03-03 02:00:00,19.81
TCK00883,Email,High,2024-03-04 03:00:00,4.57
TCK00884,Printer,Low,2024-05-01 13:00:00,7.1
TCK00885,Printer,Low,2024-06-01 07:00:00,8.28
TCK00886,Software,Medium,2024-02-24 00:00:00,19.41
TCK00887,Access/Permissions,Low,2024-02-08 01:00:00,4.05
TCK00888,Access/Permissions,Low,2024-04-09 02:00:00,2.59
TCK00889,Email,High,2024-01-29 15:00:00,4.52
TCK00890,Access/Permissions,High,2024-03-16 11:00:00,9.06
TCK00891,Printer,Medium,2024-02-25 15:00:00,5.02
TCK00892,Software,Medium,2024-01-26 15:00:00,11.98
TCK00893,Email,Medium,2024-01-29 17:00:00,4.33
TCK00894,Software,Low,2024-04-04 00:00:00,24.91
TCK00895,Access/Permissions,Low,2024-01-05 19:00:00,4.85
TCK00896,Access/Permissions,High,2024-05-02 11:00:00,3.68
TCK00897,Printer,Low,2024-03-07 21:00:00,9.74
TCK00898,Printer,Low,2024-06-01 14:00:00,13.94
TCK00899,Network,Low,2024-02-12 16:00:00,16.44
TCK00900,Network,Medium,2024-02-16 01:00:00,46.86
TCK00901,Software,Low,2024-05-31 15:00:00,11.28
TCK00902,Software,Medium,2024-02-13 13:00:00,16.75
TCK00903,Hardware,Medium,2024-01-19 09:00:00,11.7
TCK00904,Printer,Medium,2024-02-05 21:00:00,12.55
TCK00905,Network,Low,2024-03-01 09:00:00,24.72
TCK00906,Network,High,2024-04-23 09:00:00,29.18
TCK00907,Software,Low,2024-05-18 19:00:00,10.37
TCK00908,Network,Medium,2024-04-02 00:00:00,18.2
TCK00909,Printer,Low,2024-05-01 17:00:00,9.72
TCK00910,Software,Low,2024-04-24 05:00:00,7.88
TCK00911,Software,High,2024-02-08 06:00:00,2.66
TCK00912,Network,Medium,2024-06-06 11:00:00,26.5
TCK00913,Access/Permissions,Low,2024-01-09 00:00:00,6.36
TCK00914,Hardware,High,2024-03-16 20:00:00,8.22
TCK00915,Hardware,Low,2024-04-24 02:00:00,32.47
TCK00916,Printer,Low,2024-01-11 00:00:00,8.58
TCK00917,Hardware,Low,2024-01-26 10:00:00,7.36
TCK00918,Software,Critical,2024-03-31 13:00:00,2.38
TCK00919,Printer,Low,2024-06-08 14:00:00,7.59
TCK00920,Network,Medium,2024-02-21 06:00:00,20.86
TCK00921,Network,Low,2024-05-12 17:00:00,31.66
TCK00922,Email,Medium,2024-03-22 12:00:00,4.2
TCK00923,Network,Medium,2024-02-14 21:00:00,10.65
TCK00924,Software,High,2024-01-25 09:00:00,10.02
TCK00925,Printer,Medium,2024-03-30 19:00:00,8.01
TCK00926,Hardware,Medium,2024-01-14 14:00:00,38.08
TCK00927,Software,High,2024-05-01 16:00:00,19.12
TCK00928,Network,Medium,2024-02-20 21:00:00,17.6
TCK00929,Printer,Low,2024-06-12 06:00:00,11.72
TCK00930,Hardware,Low,2024-04-21 04:00:00,16.33
TCK00931,Software,Medium,2024-06-06 23:00:00,33.02
TCK00932,Hardware,Medium,2024-04-12 12:00:00,30.6
TCK00933,Network,Low,2024-03-14 07:00:00,35.32
TCK00934,Software,High,2024-01-28 21:00:00,9.36
TCK00935,Network,Low,2024-06-21 23:00:00,50.99
TCK00936,Software,High,2024-01-12 19:00:00,11.34
TCK00937,Network,Low,2024-03-26 20:00:00,9.44
TCK00938,Access/Permissions,Low,2024-04-13 22:00:00,9.86
TCK00939,Hardware,Low,2024-06-21 08:00:00,18.45
TCK00940,Network,Low,2024-04-04 20:00:00,21.79
TCK00941,Email,Low,2024-06-24 12:00:00,8.09
TCK00942,Software,Medium,2024-02-26 20:00:00,21.76
TCK00943,Software,Low,2024-01-21 15:00:00,13.4
TCK00944,Software,Low,2024-05-08 13:00:00,7.62
TCK00945,Access/Permissions,Medium,2024-05-16 12:00:00,10.25
TCK00946,Software,Low,2024-05-01 01:00:00,11.39
TCK00947,Printer,Medium,2024-03-12 12:00:00,12.51
TCK00948,Printer,Medium,2024-06-27 00:00:00,14.85
TCK00949,Printer,Critical,2024-06-03 05:00:00,4.23
TCK00950,Access/Permissions,High,2024-02-20 12:00:00,4.25
TCK00951,Network,Medium,2024-05-14 12:00:00,62.91
TCK00952,Software,Medium,2024-05-10 22:00:00,14.85
TCK00953,Network,Medium,2024-01-13 12:00:00,62.87
TCK00954,Network,Medium,2024-06-15 09:00:00,25.26
TCK00955,Printer,Medium,2024-06-01 13:00:00,11.0
TCK00956,Software,Low,2024-03-22 15:00:00,19.11
TCK00957,Software,Low,2024-06-10 15:00:00,5.41
TCK00958,Printer,Medium,2024-04-23 09:00:00,8.13
TCK00959,Network,Low,2024-06-27 03:00:00,40.53
TCK00960,Software,Medium,2024-03-15 21:00:00,16.27
TCK00961,Hardware,Medium,2024-01-06 22:00:00,12.55
TCK00962,Network,Medium,2024-05-20 04:00:00,29.28
TCK00963,Printer,Medium,2024-03-09 09:00:00,1.96
TCK00964,Software,Critical,2024-04-27 17:00:00,12.82
TCK00965,Network,Medium,2024-02-10 02:00:00,41.3
TCK00966,Software,Medium,2024-05-04 09:00:00,9.66
TCK00967,Printer,Medium,2024-01-27 17:00:00,3.72
TCK00968,Access/Permissions,Low,2024-04-08 02:00:00,4.0
TCK00969,Hardware,Low,2024-04-21 19:00:00,15.88
TCK00970,Network,High,2024-02-06 09:00:00,72.02
TCK00971,Network,Medium,2024-02-25 09:00:00,15.91
TCK00972,Printer,Medium,2024-02-22 21:00:00,6.15
TCK00973,Network,Low,2024-01-11 01:00:00,42.23
TCK00974,Network,Medium,2024-01-03 21:00:00,9.99
TCK00975,Hardware,Low,2024-02-01 11:00:00,22.54
TCK00976,Network,Low,2024-01-05 13:00:00,20.43
TCK00977,Software,High,2024-01-08 11:00:00,23.08
TCK00978,Hardware,Medium,2024-01-19 22:00:00,30.53
TCK00979,Hardware,Low,2024-06-10 10:00:00,14.01
TCK00980,Hardware,Medium,2024-03-29 23:00:00,26.43
TCK00981,Hardware,Critical,2024-01-09 01:00:00,18.81
TCK00982,Printer,Medium,2024-06-10 15:00:00,15.43
TCK00983,Network,Low,2024-05-20 21:00:00,27.65
TCK00984,Network,Medium,2024-03-21 07:00:00,29.77
TCK00985,Network,Low,2024-04-20 23:00:00,10.85
TCK00986,Software,Low,2024-05-05 18:00:00,14.24
TCK00987,Access/Permissions,Low,2024-05-11 15:00:00,12.86
TCK00988,Network,Medium,2024-01-14 16:00:00,45.66
TCK00989,Printer,Medium,2024-01-28 06:00:00,6.89
TCK00990,Printer,High,2024-05-22 18:00:00,4.3
TCK00991,Software,Low,2024-06-20 17:00:00,8.55
TCK00992,Printer,Medium,2024-02-12 00:00:00,6.66
TCK00993,Hardware,Medium,2024-01-11 15:00:00,12.71
TCK00994,Network,Medium,2024-05-04 21:00:00,55.32
TCK00995,Printer,Low,2024-04-21 01:00:00,17.81
TCK00996,Email,Low,2024-01-18 13:00:00,2.4
TCK00997,Access/Permissions,High,2024-06-01 09:00:00,2.26
TCK00998,Network,Low,2024-01-10 04:00:00,8.9
TCK00999,Printer,Medium,2024-06-28 14:00:00,4.76
TCK01000,Email,Medium,2024-01-24 20:00:00,5.8
TCK01001,Access/Permissions,Low,2024-03-24 05:00:00,7.81
TCK01002,Software,Medium,2024-05-09 03:00:00,10.69
TCK01003,Hardware,Medium,2024-06-05 13:00:00,3.71
TCK01004,Network,Medium,2024-02-08 06:00:00,65.1
TCK01005,Software,Low,2024-06-07 23:00:00,7.94
TCK01006,Network,Medium,2024-04-18 15:00:00,27.77
TCK01007,Access/Permissions,Medium,2024-05-23 06:00:00,7.93
TCK01008,Software,High,2024-05-07 16:00:00,11.78
TCK01009,Hardware,Low,2024-03-17 23:00:00,22.94
TCK01010,Network,Low,2024-04-01 14:00:00,33.35
TCK01011,Software,Low,2024-05-07 09:00:00,16.13
TCK01012,Network,Medium,2024-01-01 18:00:00,46.47
TCK01013,Network,Low,2024-01-25 03:00:00,49.99
TCK01014,Software,Low,2024-06-29 06:00:00,9.37
TCK01015,Software,Medium,2024-03-02 03:00:00,14.0
TCK01016,Printer,Medium,2024-06-21 16:00:00,21.1
TCK01017,Email,Low,2024-04-15 06:00:00,6.55
TCK01018,Network,Medium,2024-01-19 13:00:00,24.56
TCK01019,Software,Medium,2024-05-19 01:00:00,20.6
TCK01020,Software,High,2024-06-22 23:00:00,12.61
TCK01021,Software,Medium,2024-01-29 21:00:00,10.22
TCK01022,Network,Critical,2024-06-20 10:00:00,35.96
TCK01023,Printer,Low,2024-01-23 23:00:00,7.04
TCK01024,Network,Low,2024-06-13 01:00:00,11.73
TCK01025,Printer,High,2024-01-16 12:00:00,12.91
TCK01026,Email,High,2024-05-12 21:00:00,4.86
TCK01027,Printer,Medium,2024-02-13 08:00:00,8.15
TCK01028,Access/Permissions,Low,2024-02-01 13:00:00,4.05
TCK01029,Software,Medium,2024-05-24 03:00:00,43.07
TCK01030,Software,Medium,2024-03-22 17:00:00,12.14
TCK01031,Software,Medium,2024-01-15 07:00:00,13.85
TCK01032,Network,Medium,2024-04-25 12:00:00,4.97
TCK01033,Software,Low,2024-03-18 02:00:00,9.17
TCK01034,Printer,Low,2024-01-29 06:00:00,5.91
TCK01035,Network,Medium,2024-03-03 14:00:00,15.21
TCK01036,Software,Medium,2024-03-26 02:00:00,26.76
TCK01037,Network,Medium,2024-04-11 12:00:00,73.14
TCK01038,Network,High,2024-04-03 09:00:00,29.08
TCK01039,Access/Permissions,Low,2024-01-17 19:00:00,4.25
TCK01040,Network,Medium,2024-06-27 01:00:00,22.87
TCK01041,Access/Permissions,Medium,2024-03-27 00:00:00,8.3
TCK01042,Software,Low,2024-01-05 22:00:00,5.76
TCK01043,Software,Critical,2024-05-15 10:00:00,16.74
TCK01044,Printer,Medium,2024-04-04 05:00:00,6.07
TCK01045,Network,Low,2024-05-11 20:00:00,51.62
TCK01046,Network,Low,2024-01-14 12:00:00,8.69
TCK01047,Network,Medium,2024-04-17 15:00:00,9.44
TCK01048,Access/Permissions,Medium,2024-05-10 07:00:00,0.99
TCK01049,Email,High,2024-02-05 05:00:00,3.09
TCK01050,Printer,High,2024-01-03 17:00:00,5.18
TCK01051,Access/Permissions,High,2024-02-27 22:00:00,9.99
TCK01052,Hardware,Medium,2024-01-27 15:00:00,55.1
TCK01053,Software,Low,2024-01-22 18:00:00,7.26
TCK01054,Access/Permissions,Medium,2024-04-17 22:00:00,7.33
TCK01055,Software,Low,2024-06-10 16:00:00,15.26
TCK01056,Software,Medium,2024-03-06 14:00:00,7.03
TCK01057,Printer,Medium,2024-02-15 13:00:00,11.34
TCK01058,Software,Low,2024-03-07 23:00:00,10.3
TCK01059,Software,Medium,2024-03-31 20:00:00,13.2
TCK01060,Software,Low,2024-04-22 09:00:00,10.14
TCK01061,Software,Critical,2024-01-04 14:00:00,1.71
TCK01062,Software,High,2024-04-22 19:00:00,35.39
TCK01063,Network,Low,2024-02-08 10:00:00,22.22
TCK01064,Network,Medium,2024-02-11 03:00:00,9.15
TCK01065,Printer,Medium,2024-01-15 14:00:00,12.04
TCK01066,Network,Medium,2024-06-20 20:00:00,28.67
TCK01067,Network,Medium,2024-05-06 16:00:00,35.44
TCK01068,Network,Medium,2024-05-02 16:00:00,48.28
TCK01069,Software,Low,2024-02-14 18:00:00,24.05
TCK01070,Software,High,2024-05-12 17:00:00,15.25
TCK01071,Software,Low,2024-05-07 07:00:00,9.96
TCK01072,Access/Permissions,Medium,2024-04-05 22:00:00,0.87
TCK01073,Network,Low,2024-01-06 02:00:00,34.31
TCK01074,Printer,Medium,2024-01-19 05:00:00,4.98
TCK01075,Software,Medium,2024-05-15 05:00:00,11.12
TCK01076,Access/Permissions,Low,2024-01-09 07:00:00,7.27
TCK01077,Email,High,2024-04-06 07:00:00,3.89
TCK01078,Software,Low,2024-02-29 01:00:00,23.76
TCK01079,Network,Low,2024-05-02 05:00:00,37.19
TCK01080,Network,Medium,2024-06-26 06:00:00,24.65
TCK01081,Network,Low,2024-04-16 14:00:00,7.91
TCK01082,Access/Permissions,Medium,2024-06-03 22:00:00,4.12
TCK01083,Network,Medium,2024-04-30 01:00:00,43.1
TCK01084,Software,Low,2024-03-12 13:00:00,15.91
TCK01085,Software,Low,2024-01-24 12:00:00,18.65
TCK01086,Network,Medium,2024-02-27 23:00:00,46.07
TCK01087,Network,Medium,2024-05-27 21:00:00,38.35
TCK01088,Network,Medium,2024-03-17 12:00:00,17.6
TCK01089,Network,Low,2024-05-30 18:00:00,39.07
TCK01090,Printer,Medium,2024-06-18 09:00:00,4.81
TCK01091,Access/Permissions,Low,2024-02-25 02:00:00,4.83
TCK01092,Printer,Low,2024-01-08 07:00:00,15.84
TCK01093,Printer,Low,2024-03-10 11:00:00,21.49
TCK01094,Software,Medium,2024-01-23 18:00:00,16.42
TCK01095,Network,Low,2024-03-14 00:00:00,88.14
TCK01096,Hardware,Medium,2024-02-17 04:00:00,59.1
TCK01097,Network,Low,2024-04-07 11:00:00,17.65
TCK01098,Hardware,Low,2024-04-11 07:00:00,11.63
TCK01099,Network,Low,2024-01-26 01:00:00,45.91
TCK01100,Printer,Critical,2024-01-05 04:00:00,7.47
TCK01101,Network,Medium,2024-06-16 17:00:00,12.52
TCK01102,Network,High,2024-06-01 17:00:00,41.85
TCK01103,Software,Medium,2024-05-24 04:00:00,15.48
TCK01104,Network,Low,2024-02-13 20:00:00,37.39
TCK01105,Access/Permissions,Low,2024-01-29 09:00:00,5.08
TCK01106,Network,High,2024-01-30 23:00:00,22.05
TCK01107,Printer,High,2024-01-14 07:00:00,8.49
TCK01108,Network,Low,2024-01-20 04:00:00,18.48
TCK01109,Access/Permissions,Critical,2024-06-10 12:00:00,5.66
TCK01110,Printer,Low,2024-04-05 01:00:00,7.28
TCK01111,Network,Low,2024-04-03 19:00:00,17.39
TCK01112,Network,Medium,2024-03-06 00:00:00,38.09
TCK01113,Printer,Low,2024-01-20 14:00:00,6.45
TCK01114,Network,Medium,2024-06-25 01:00:00,23.95
TCK01115,Network,Medium,2024-02-17 01:00:00,47.07
TCK01116,Hardware,Medium,2024-05-10 22:00:00,26.8
TCK01117,Software,Low,2024-03-05 02:00:00,25.77
TCK01118,Email,Medium,2024-04-29 01:00:00,4.16
TCK01119,Access/Permissions,Low,2024-04-22 17:00:00,3.28
TCK01120,Network,Medium,2024-05-01 22:00:00,17.16
TCK01121,Printer,High,2024-06-14 07:00:00,8.28
TCK01122,Software,Low,2024-06-26 14:00:00,10.23
TCK01123,Network,High,2024-01-16 06:00:00,26.01
TCK01124,Hardware,Medium,2024-03-20 12:00:00,17.71
TCK01125,Hardware,Low,2024-05-25 03:00:00,10.83
TCK01126,Network,Medium,2024-05-13 23:00:00,72.81
TCK01127,Software,Medium,2024-02-01 08:00:00,19.74
TCK01128,Software,Medium,2024-03-22 02:00:00,13.45
TCK01129,Software,Low,2024-05-15 17:00:00,10.64
TCK01130,Software,Medium,2024-02-24 05:00:00,17.86
TCK01131,Software,Low,2024-01-26 00:00:00,6.72
TCK01132,Network,Low,2024-02-07 09:00:00,78.0
TCK01133,Printer,High,2024-03-31 18:00:00,3.35
TCK01134,Network,Critical,2024-06-25 04:00:00,45.56
TCK01135,Network,Medium,2024-06-25 00:00:00,47.33
TCK01136,Network,Low,2024-02-19 20:00:00,61.23
TCK01137,Network,Medium,2024-06-25 10:00:00,13.06
TCK01138,Network,Medium,2024-03-25 08:00:00,39.07
TCK01139,Printer,Critical,2024-03-28 23:00:00,4.29
TCK01140,Hardware,Critical,2024-02-26 13:00:00,19.25
TCK01141,Software,Low,2024-02-29 12:00:00,6.84
TCK01142,Network,Medium,2024-01-24 03:00:00,45.51
TCK01143,Network,High,2024-01-04 03:00:00,26.04
TCK01144,Network,Medium,2024-04-04 06:00:00,19.79
TCK01145,Network,Low,2024-04-25 15:00:00,41.3
TCK01146,Network,Medium,2024-01-02 06:00:00,7.41
TCK01147,Network,Low,2024-06-23 20:00:00,26.97
TCK01148,Network,Medium,2024-05-01 04:00:00,43.23
TCK01149,Network,High,2024-02-13 17:00:00,37.2
TCK01150,Network,Medium,2024-02-04 02:00:00,21.23
TCK01151,Network,Medium,2024-06-02 05:00:00,34.7
TCK01152,Software,Low,2024-04-11 10:00:00,17.76
TCK01153,Access/Permissions,High,2024-04-04 07:00:00,5.92
TCK01154,Software,Low,2024-01-14 19:00:00,11.5
TCK01155,Network,Low,2024-04-24 01:00:00,28.0
TCK01156,Hardware,High,2024-02-03 11:00:00,13.47
TCK01157,Access/Permissions,High,2024-06-25 17:00:00,3.89
TCK01158,Software,Low,2024-01-22 23:00:00,6.23
TCK01159,Printer,Medium,2024-02-19 00:00:00,7.39
TCK01160,Software,Medium,2024-04-03 01:00:00,1.81
TCK01161,Software,Medium,2024-03-14 21:00:00,19.41
TCK01162,Software,Medium,2024-03-22 07:00:00,47.46
TCK01163,Email,Medium,2024-01-25 19:00:00,3.66
TCK01164,Printer,High,2024-02-05 18:00:00,5.46
TCK01165,Network,Medium,2024-03-26 23:00:00,35.62
TCK01166,Hardware,Medium,2024-06-05 17:00:00,6.86
TCK01167,Software,Low,2024-02-15 09:00:00,6.62
TCK01168,Access/Permissions,Low,2024-03-24 11:00:00,3.42
TCK01169,Network,Medium,2024-04-14 14:00:00,50.33
TCK01170,Email,Medium,2024-06-06 14:00:00,9.09
TCK01171,Printer,Low,2024-05-25 11:00:00,4.44
TCK01172,Network,High,2024-06-12 18:00:00,39.39
TCK01173,Network,Medium,2024-04-16 11:00:00,23.55
TCK01174,Network,Medium,2024-05-27 10:00:00,23.27
TCK01175,Printer,High,2024-02-11 14:00:00,7.21
TCK01176,Network,Low,2024-02-09 02:00:00,55.37
TCK01177,Network,Low,2024-04-05 11:00:00,17.35
TCK01178,Printer,Medium,2024-05-02 02:00:00,1.37
TCK01179,Printer,High,2024-04-13 14:00:00,5.68
TCK01180,Network,Medium,2024-02-07 16:00:00,28.51
TCK01181,Network,Low,2024-01-04 02:00:00,38.06
TCK01182,Access/Permissions,Medium,2024-02-16 05:00:00,8.47
TCK01183,Access/Permissions,High,2024-03-24 19:00:00,5.29
TCK01184,Hardware,Critical,2024-06-23 20:00:00,6.15
TCK01185,Network,Medium,2024-04-04 17:00:00,46.85
TCK01186,Network,High,2024-05-08 11:00:00,17.92
TCK01187,Network,Low,2024-02-19 05:00:00,13.29
TCK01188,Email,Low,2024-05-18 21:00:00,3.46
TCK01189,Network,Critical,2024-02-10 14:00:00,23.02
TCK01190,Network,Low,2024-01-24 03:00:00,27.55
TCK01191,Access/Permissions,High,2024-04-11 02:00:00,9.18
TCK01192,Hardware,Low,2024-01-26 17:00:00,19.51
TCK01193,Printer,Low,2024-02-27 09:00:00,11.79
TCK01194,Hardware,Medium,2024-05-08 06:00:00,8.69
TCK01195,Network,Medium,2024-06-03 19:00:00,37.78
TCK01196,Hardware,Medium,2024-03-14 13:00:00,17.13
TCK01197,Hardware,High,2024-02-22 15:00:00,25.95
TCK01198,Hardware,Medium,2024-02-08 06:00:00,38.46
TCK01199,Software,Low,2024-01-10 17:00:00,14.92
TCK01200,Network,Medium,2024-05-09 14:00:00,19.28
TCK01201,Hardware,Medium,2024-01-12 19:00:00,8.02
TCK01202,Printer,Low,2024-02-29 01:00:00,21.74
TCK01203,Software,High,2024-06-11 05:00:00,18.79
TCK01204,Access/Permissions,Medium,2024-01-10 08:00:00,4.45
TCK01205,Printer,High,2024-03-19 16:00:00,6.26
TCK01206,Software,High,2024-01-22 05:00:00,16.06
TCK01207,Printer,Medium,2024-06-25 08:00:00,6.54
TCK01208,Network,High,2024-02-24 08:00:00,13.14
TCK01209,Access/Permissions,Medium,2024-02-25 05:00:00,5.49
TCK01210,Software,Medium,2024-01-15 11:00:00,11.17
TCK01211,Software,High,2024-05-14 16:00:00,35.41
TCK01212,Network,High,2024-06-18 04:00:00,31.69
TCK01213,Network,Low,2024-06-09 05:00:00,29.94
TCK01214,Hardware,Low,2024-05-29 17:00:00,52.74
TCK01215,Network,Medium,2024-02-08 08:00:00,9.24
TCK01216,Network,Low,2024-06-21 23:00:00,16.65
TCK01217,Printer,Medium,2024-04-28 18:00:00,16.56
TCK01218,Hardware,Low,2024-01-01 21:00:00,32.31
TCK01219,Access/Permissions,Low,2024-01-08 23:00:00,5.36
TCK01220,Software,High,2024-06-29 15:00:00,10.72
TCK01221,Printer,High,2024-01-15 08:00:00,2.46
TCK01222,Software,Medium,2024-06-15 10:00:00,10.91
TCK01223,Software,Low,2024-03-13 08:00:00,16.01
TCK01224,Software,Medium,2024-04-21 04:00:00,5.19
TCK01225,Printer,High,2024-02-28 20:00:00,10.91
TCK01226,Printer,Medium,2024-06-01 02:00:00,4.3
TCK01227,Network,High,2024-01-25 21:00:00,23.98
TCK01228,Access/Permissions,Critical,2024-05-17 21:00:00,3.09
TCK01229,Network,Medium,2024-04-21 18:00:00,33.29
TCK01230,Access/Permissions,Medium,2024-06-26 13:00:00,11.03
TCK01231,Network,Medium,2024-06-15 14:00:00,45.15
TCK01232,Network,Medium,2024-05-12 06:00:00,20.8
TCK01233,Software,Critical,2024-05-25 18:00:00,9.68
TCK01234,Network,Medium,2024-06-04 07:00:00,14.82
TCK01235,Network,Medium,2024-02-16 05:00:00,14.54
TCK01236,Network,Medium,2024-03-21 19:00:00,43.09
TCK01237,Network,Low,2024-02-10 15:00:00,47.28
TCK01238,Access/Permissions,Low,2024-02-24 20:00:00,9.33
TCK01239,Printer,Medium,2024-06-10 06:00:00,12.35
TCK01240,Network,Low,2024-05-31 05:00:00,8.47
TCK01241,Network,Medium,2024-05-07 18:00:00,24.83
TCK01242,Access/Permissions,High,2024-06-15 01:00:00,4.28
TCK01243,Hardware,Low,2024-04-02 16:00:00,23.96
TCK01244,Software,Critical,2024-01-29 14:00:00,23.9
TCK01245,Software,Low,2024-03-23 05:00:00,20.05
TCK01246,Hardware,Medium,2024-04-07 22:00:00,26.89
TCK01247,Software,Critical,2024-04-23 18:00:00,30.05
TCK01248,Network,Medium,2024-05-13 08:00:00,18.15
TCK01249,Software,High,2024-01-23 08:00:00,13.06
TCK01250,Software,Critical,2024-06-09 23:00:00,5.51
TCK01251,Network,High,2024-03-14 11:00:00,7.37
TCK01252,Printer,Low,2024-02-29 03:00:00,10.48
TCK01253,Network,High,2024-05-03 04:00:00,15.71
TCK01254,Access/Permissions,Medium,2024-01-02 04:00:00,7.85
TCK01255,Network,Low,2024-06-01 16:00:00,44.83
TCK01256,Hardware,High,2024-05-20 08:00:00,26.59
TCK01257,Printer,Low,2024-06-19 08:00:00,12.58
TCK01258,Software,Medium,2024-03-12 17:00:00,5.46
TCK01259,Software,Low,2024-04-14 06:00:00,5.59
TCK01260,Access/Permissions,Low,2024-05-01 12:00:00,8.23
TCK01261,Network,High,2024-02-03 06:00:00,19.26
TCK01262,Printer,Low,2024-01-25 21:00:00,7.28
TCK01263,Hardware,Medium,2024-06-09 03:00:00,33.5
TCK01264,Hardware,Medium,2024-04-02 00:00:00,8.07
TCK01265,Printer,Low,2024-02-26 19:00:00,11.73
TCK01266,Access/Permissions,High,2024-01-25 21:00:00,4.72
TCK01267,Access/Permissions,Medium,2024-04-01 04:00:00,4.62
TCK01268,Hardware,High,2024-03-08 21:00:00,34.64
TCK01269,Printer,Low,2024-05-04 10:00:00,13.97
TCK01270,Hardware,High,2024-06-28 01:00:00,53.73
TCK01271,Email,High,2024-04-18 10:00:00,3.01
TCK01272,Software,Medium,2024-06-04 16:00:00,13.56
TCK01273,Software,Medium,2024-05-01 13:00:00,9.6
TCK01274,Email,Low,2024-04-25 03:00:00,0.5
TCK01275,Hardware,Medium,2024-03-07 03:00:00,24.61
TCK01276,Network,Medium,2024-06-18 16:00:00,28.11
TCK01277,Access/Permissions,Low,2024-04-12 14:00:00,3.72
TCK01278,Network,Medium,2024-03-07 01:00:00,31.29
TCK01279,Network,Medium,2024-06-02 16:00:00,18.69
TCK01280,Network,Low,2024-02-15 08:00:00,17.09
TCK01281,Software,Low,2024-04-01 12:00:00,7.48
TCK01282,Network,Low,2024-02-06 00:00:00,50.68
TCK01283,Printer,Low,2024-05-05 03:00:00,3.08
TCK01284,Software,Medium,2024-05-28 16:00:00,18.82
TCK01285,Network,Medium,2024-03-22 03:00:00,13.05
TCK01286,Email,Medium,2024-06-12 21:00:00,6.44
TCK01287,Software,Medium,2024-01-03 07:00:00,3.96
TCK01288,Network,Low,2024-03-30 02:00:00,58.19
TCK01289,Software,High,2024-03-20 19:00:00,19.23
TCK01290,Printer,Medium,2024-05-08 06:00:00,4.09
TCK01291,Software,High,2024-01-21 06:00:00,10.48
TCK01292,Network,Low,2024-02-09 20:00:00,52.31
TCK01293,Printer,Medium,2024-02-16 01:00:00,7.85
TCK01294,Access/Permissions,Medium,2024-03-24 04:00:00,4.78
TCK01295,Network,High,2024-04-18 00:00:00,40.41
TCK01296,Printer,Medium,2024-04-11 16:00:00,11.71
TCK01297,Printer,Medium,2024-03-04 17:00:00,1.99
TCK01298,Network,Medium,2024-06-02 16:00:00,36.43
TCK01299,Printer,Medium,2024-03-17 16:00:00,18.83
TCK01300,Printer,Medium,2024-03-02 01:00:00,18.33
TCK01301,Network,High,2024-03-11 09:00:00,28.3
TCK01302,Network,Medium,2024-02-04 02:00:00,6.46
TCK01303,Access/Permissions,Medium,2024-02-17 01:00:00,4.65
TCK01304,Software,Low,2024-05-13 17:00:00,5.9
TCK01305,Printer,High,2024-01-23 16:00:00,16.01
TCK01306,Hardware,Low,2024-02-02 14:00:00,18.02
TCK01307,Printer,Low,2024-06-13 01:00:00,7.1
TCK01308,Email,Medium,2024-02-08 04:00:00,1.49
TCK01309,Network,Low,2024-03-21 16:00:00,47.79
TCK01310,Network,Medium,2024-02-07 01:00:00,37.09
TCK01311,Access/Permissions,Medium,2024-05-27 01:00:00,3.06
TCK01312,Software,Low,2024-03-15 04:00:00,19.28
TCK01313,Printer,Medium,2024-05-21 17:00:00,16.61
TCK01314,Printer,High,2024-04-30 09:00:00,2.64
TCK01315,Software,Low,2024-06-04 22:00:00,4.81
TCK01316,Network,Low,2024-03-20 07:00:00,4.57
TCK01317,Access/Permissions,Medium,2024-03-18 13:00:00,9.75
TCK01318,Printer,Medium,2024-05-22 08:00:00,2.73
TCK01319,Network,Medium,2024-03-27 06:00:00,13.63
TCK01320,Network,Low,2024-01-29 08:00:00,49.98
TCK01321,Software,Low,2024-04-14 07:00:00,11.09
TCK01322,Software,Medium,2024-03-30 16:00:00,3.08
TCK01323,Network,Medium,2024-04-01 01:00:00,78.46
TCK01324,Software,High,2024-02-23 21:00:00,10.79
TCK01325,Printer,High,2024-06-27 09:00:00,4.79
TCK01326,Network,Low,2024-01-10 06:00:00,6.92
TCK01327,Access/Permissions,Medium,2024-06-29 03:00:00,6.82
TCK01328,Hardware,Critical,2024-02-24 03:00:00,19.79
TCK01329,Network,Low,2024-06-04 18:00:00,14.19
TCK01330,Printer,Low,2024-01-19 03:00:00,8.36
TCK01331,Software,Low,2024-05-11 00:00:00,4.25
TCK01332,Printer,Medium,2024-04-29 17:00:00,4.7
TCK01333,Printer,Medium,2024-03-02 01:00:00,1.72
TCK01334,Network,Medium,2024-01-06 21:00:00,50.47
TCK01335,Network,Medium,2024-05-03 08:00:00,17.18
TCK01336,Network,Medium,2024-04-02 16:00:00,40.98
TCK01337,Printer,Medium,2024-02-24 16:00:00,6.98
TCK01338,Printer,High,2024-05-16 06:00:00,14.19
TCK01339,Network,Medium,2024-02-09 05:00:00,51.66
TCK01340,Access/Permissions,High,2024-06-16 13:00:00,0.85
TCK01341,Access/Permissions,Medium,2024-01-02 08:00:00,3.9
TCK01342,Software,Low,2024-06-18 20:00:00,20.02
TCK01343,Network,Low,2024-06-09 13:00:00,23.36
TCK01344,Access/Permissions,High,2024-01-31 10:00:00,8.75
TCK01345,Hardware,Medium,2024-03-29 18:00:00,6.67
TCK01346,Network,Low,2024-05-30 03:00:00,8.88
TCK01347,Network,Low,2024-05-03 17:00:00,26.98
TCK01348,Network,Low,2024-05-30 21:00:00,9.8
TCK01349,Network,High,2024-01-28 04:00:00,24.13
TCK01350,Printer,Medium,2024-05-25 11:00:00,27.57
TCK01351,Email,Low,2024-03-26 05:00:00,1.71
TCK01352,Network,Medium,2024-06-29 04:00:00,78.95
TCK01353,Network,Medium,2024-06-24 21:00:00,47.28
TCK01354,Network,Medium,2024-01-26 16:00:00,39.39
TCK01355,Software,Medium,2024-01-13 00:00:00,37.45
TCK01356,Software,Low,2024-05-04 14:00:00,3.32
TCK01357,Email,Low,2024-05-24 14:00:00,4.44
TCK01358,Network,Medium,2024-05-30 06:00:00,18.87
TCK01359,Network,Medium,2024-02-26 00:00:00,29.97
TCK01360,Network,Medium,2024-02-02 12:00:00,47.12
TCK01361,Software,Low,2024-04-20 07:00:00,3.12
TCK01362,Printer,Medium,2024-05-08 16:00:00,9.03
TCK01363,Network,Low,2024-05-06 12:00:00,9.36
TCK01364,Network,Low,2024-05-28 15:00:00,39.53
TCK01365,Access/Permissions,Low,2024-05-10 18:00:00,2.17
TCK01366,Printer,High,2024-06-07 22:00:00,6.28
TCK01367,Software,High,2024-05-14 23:00:00,22.16
TCK01368,Software,Low,2024-05-07 08:00:00,13.17
TCK01369,Network,High,2024-04-26 17:00:00,74.28
TCK01370,Software,Medium,2024-01-16 04:00:00,9.29
TCK01371,Access/Permissions,Low,2024-03-31 18:00:00,4.18
TCK01372,Network,Medium,2024-06-13 23:00:00,78.02
TCK01373,Software,Low,2024-05-06 04:00:00,10.17
TCK01374,Software,Medium,2024-01-11 03:00:00,17.06
TCK01375,Access/Permissions,Low,2024-01-26 03:00:00,0.5
TCK01376,Software,Low,2024-03-08 05:00:00,12.29
TCK01377,Network,Medium,2024-02-15 19:00:00,48.82
TCK01378,Network,Critical,2024-05-17 21:00:00,18.7
TCK01379,Network,Medium,2024-03-07 19:00:00,56.29
TCK01380,Network,High,2024-05-12 14:00:00,20.01
TCK01381,Network,Low,2024-01-30 15:00:00,17.51
TCK01382,Network,High,2024-05-28 22:00:00,104.49
TCK01383,Network,Medium,2024-01-23 21:00:00,24.31
TCK01384,Software,Low,2024-05-15 00:00:00,16.74
TCK01385,Software,Medium,2024-04-04 02:00:00,24.67
TCK01386,Network,Low,2024-01-13 07:00:00,19.34
TCK01387,Email,Low,2024-01-14 12:00:00,5.27
TCK01388,Printer,Low,2024-02-07 18:00:00,8.71
TCK01389,Printer,Low,2024-02-14 13:00:00,12.35
TCK01390,Access/Permissions,Low,2024-05-15 18:00:00,1.17
TCK01391,Software,Medium,2024-04-27 21:00:00,7.43
TCK01392,Printer,Low,2024-01-27 01:00:00,21.37
TCK01393,Email,Low,2024-05-05 06:00:00,1.81
TCK01394,Software,High,2024-03-20 05:00:00,13.51
TCK01395,Network,Medium,2024-06-05 03:00:00,46.49
TCK01396,Network,Medium,2024-02-06 17:00:00,18.68
TCK01397,Software,High,2024-04-07 07:00:00,11.37
TCK01398,Printer,Low,2024-01-11 16:00:00,8.21
TCK01399,Access/Permissions,Low,2024-01-20 04:00:00,6.52
TCK01400,Software,Medium,2024-05-21 15:00:00,6.31
TCK01401,Software,Low,2024-03-13 23:00:00,5.16
TCK01402,Network,Medium,2024-04-12 12:00:00,26.24
TCK01403,Email,Medium,2024-02-27 21:00:00,6.18
TCK01404,Printer,High,2024-02-10 16:00:00,6.48
TCK01405,Printer,Medium,2024-01-11 06:00:00,8.39
TCK01406,Network,High,2024-05-31 20:00:00,32.72
TCK01407,Email,Medium,2024-03-28 20:00:00,2.63
TCK01408,Network,High,2024-06-29 12:00:00,37.74
TCK01409,Network,Critical,2024-05-06 10:00:00,27.15
TCK01410,Hardware,Medium,2024-06-07 18:00:00,7.12
TCK01411,Software,Medium,2024-03-31 02:00:00,34.9
TCK01412,Network,Critical,2024-06-14 00:00:00,41.57
TCK01413,Printer,High,2024-04-22 21:00:00,4.05
TCK01414,Access/Permissions,Medium,2024-02-26 01:00:00,8.27
TCK01415,Hardware,Medium,2024-01-20 02:00:00,29.43
TCK01416,Software,Low,2024-03-25 06:00:00,26.98
TCK01417,Hardware,Low,2024-06-19 22:00:00,14.65
TCK01418,Printer,Medium,2024-04-05 09:00:00,4.54
TCK01419,Network,Critical,2024-03-01 00:00:00,54.09
TCK01420,Network,Medium,2024-03-23 04:00:00,14.62
TCK01421,Network,High,2024-03-31 21:00:00,12.24
TCK01422,Network,Medium,2024-02-10 04:00:00,48.21
TCK01423,Software,Medium,2024-06-28 15:00:00,15.38
TCK01424,Software,Low,2024-04-17 12:00:00,5.37
TCK01425,Access/Permissions,High,2024-05-10 18:00:00,2.92
TCK01426,Hardware,Medium,2024-02-14 18:00:00,22.97
TCK01427,Software,Medium,2024-04-19 17:00:00,24.53
TCK01428,Software,Low,2024-04-15 19:00:00,24.34
TCK01429,Software,High,2024-01-26 00:00:00,8.1
TCK01430,Network,Low,2024-03-14 02:00:00,20.84
TCK01431,Email,High,2024-01-19 19:00:00,2.57
TCK01432,Software,Low,2024-05-19 02:00:00,15.06
TCK01433,Printer,Medium,2024-05-26 16:00:00,7.63
TCK01434,Printer,Medium,2024-06-25 15:00:00,9.0
TCK01435,Printer,High,2024-02-25 10:00:00,2.51
TCK01436,Network,High,2024-02-06 00:00:00,48.51
TCK01437,Access/Permissions,Low,2024-03-03 14:00:00,5.42
TCK01438,Access/Permissions,Low,2024-05-06 17:00:00,5.16
TCK01439,Printer,Medium,2024-05-21 14:00:00,6.9
TCK01440,Software,High,2024-02-02 06:00:00,6.8
TCK01441,Printer,Critical,2024-03-02 22:00:00,15.84
TCK01442,Network,Medium,2024-05-02 16:00:00,29.39
TCK01443,Network,Medium,2024-01-13 00:00:00,18.54
TCK01444,Printer,High,2024-05-10 13:00:00,5.27
TCK01445,Software,Medium,2024-04-30 08:00:00,11.28
TCK01446,Software,Medium,2024-04-30 13:00:00,8.79
TCK01447,Access/Permissions,Low,2024-05-27 00:00:00,2.08
TCK01448,Network,Low,2024-01-18 07:00:00,41.35
TCK01449,Network,Low,2024-02-15 15:00:00,7.66
TCK01450,Network,Medium,2024-05-28 09:00:00,8.95
TCK01451,Printer,Medium,2024-06-23 08:00:00,11.96
TCK01452,Printer,Medium,2024-02-10 16:00:00,5.68
TCK01453,Software,Low,2024-06-26 20:00:00,15.83
TCK01454,Network,Medium,2024-04-19 14:00:00,9.05
TCK01455,Software,High,2024-04-09 15:00:00,8.85
TCK01456,Network,Critical,2024-02-20 07:00:00,41.45
TCK01457,Access/Permissions,Low,2024-06-06 05:00:00,16.96
TCK01458,Hardware,Medium,2024-01-20 00:00:00,14.03
TCK01459,Software,Medium,2024-01-09 15:00:00,13.75
TCK01460,Network,High,2024-01-19 10:00:00,66.55
TCK01461,Printer,High,2024-03-01 21:00:00,4.04
TCK01462,Printer,Low,2024-02-09 16:00:00,10.82
TCK01463,Email,High,2024-05-25 16:00:00,2.87
TCK01464,Printer,Medium,2024-06-14 23:00:00,3.95
TCK01465,Network,Medium,2024-05-19 04:00:00,30.06
TCK01466,Access/Permissions,Medium,2024-03-07 01:00:00,9.76
TCK01467,Network,Medium,2024-05-09 04:00:00,25.45
TCK01468,Network,Critical,2024-03-10 21:00:00,63.97
TCK01469,Printer,Low,2024-03-07 05:00:00,7.36
TCK01470,Access/Permissions,Medium,2024-06-02 11:00:00,4.07
TCK01471,Access/Permissions,High,2024-05-15 09:00:00,7.5
TCK01472,Access/Permissions,Medium,2024-02-17 20:00:00,8.08
TCK01473,Printer,Medium,2024-05-18 21:00:00,13.01
TCK01474,Printer,Low,2024-05-11 04:00:00,3.06
TCK01475,Network,Critical,2024-01-09 17:00:00,97.26
TCK01476,Printer,Low,2024-02-10 22:00:00,11.3
TCK01477,Network,Medium,2024-02-13 06:00:00,14.42
TCK01478,Access/Permissions,Low,2024-03-17 07:00:00,5.21
TCK01479,Network,High,2024-06-25 14:00:00,24.93
TCK01480,Printer,Low,2024-02-15 20:00:00,12.19
TCK01481,Network,Low,2024-03-07 05:00:00,53.51
TCK01482,Software,High,2024-02-14 20:00:00,7.94
TCK01483,Software,Low,2024-05-19 14:00:00,2.92
TCK01484,Printer,Medium,2024-06-12 04:00:00,7.4
TCK01485,Network,Medium,2024-04-14 01:00:00,17.99
TCK01486,Network,Medium,2024-02-20 11:00:00,12.01
TCK01487,Email,Low,2024-05-27 12:00:00,4.69
TCK01488,Access/Permissions,Medium,2024-01-01 23:00:00,2.42
TCK01489,Network,Medium,2024-03-22 16:00:00,32.8
TCK01490,Network,Low,2024-02-03 17:00:00,13.93
TCK01491,Network,Medium,2024-03-01 00:00:00,34.77
TCK01492,Access/Permissions,Critical,2024-02-26 17:00:00,6.99
TCK01493,Hardware,Medium,2024-04-24 22:00:00,6.71
TCK01494,Network,Medium,2024-05-26 08:00:00,10.23
TCK01495,Printer,Low,2024-05-29 12:00:00,15.66
TCK01496,Network,Low,2024-01-29 12:00:00,2.0
TCK01497,Printer,Low,2024-02-14 07:00:00,15.13
TCK01498,Hardware,High,2024-02-29 04:00:00,16.63
TCK01499,Network,Medium,2024-03-05 02:00:00,21.04
TCK01500,Network,Low,2024-05-23 03:00:00,18.1
TCK01501,Software,Medium,2024-02-19 22:00:00,7.25
TCK01502,Network,Medium,2024-02-03 05:00:00,51.98
TCK01503,Hardware,Medium,2024-02-29 09:00:00,16.23
TCK01504,Network,Medium,2024-02-07 09:00:00,5.88
TCK01505,Hardware,Medium,2024-03-25 02:00:00,26.4
TCK01506,Printer,Low,2024-05-13 00:00:00,2.73
TCK01507,Email,Low,2024-06-19 16:00:00,1.26
TCK01508,Printer,High,2024-03-13 13:00:00,2.79
TCK01509,Network,Medium,2024-01-30 20:00:00,19.44
TCK01510,Printer,Medium,2024-01-17 06:00:00,3.23
TCK01511,Software,Low,2024-01-10 17:00:00,19.03
TCK01512,Network,Low,2024-06-02 18:00:00,7.97
TCK01513,Software,Medium,2024-01-31 11:00:00,7.83
TCK01514,Network,Low,2024-01-06 14:00:00,55.92
TCK01515,Network,Medium,2024-04-10 15:00:00,35.59
TCK01516,Software,Low,2024-06-26 13:00:00,9.73
TCK01517,Software,Medium,2024-05-04 02:00:00,14.31
TCK01518,Hardware,Low,2024-06-26 10:00:00,11.88
TCK01519,Access/Permissions,Medium,2024-06-11 03:00:00,0.5
TCK01520,Network,High,2024-05-06 06:00:00,19.89
TCK01521,Printer,Medium,2024-06-27 18:00:00,16.09
TCK01522,Access/Permissions,Medium,2024-01-30 16:00:00,3.23
TCK01523,Hardware,Medium,2024-02-27 06:00:00,19.8
TCK01524,Network,High,2024-03-27 19:00:00,15.49
TCK01525,Network,Low,2024-03-03 06:00:00,31.41
TCK01526,Network,Low,2024-01-19 06:00:00,21.91
TCK01527,Printer,Low,2024-04-05 07:00:00,4.66
TCK01528,Printer,Low,2024-01-21 16:00:00,3.37
TCK01529,Network,Medium,2024-01-23 21:00:00,54.04
TCK01530,Software,Medium,2024-03-19 11:00:00,16.47
TCK01531,Printer,High,2024-03-17 11:00:00,17.49
TCK01532,Network,Low,2024-03-11 09:00:00,23.63
TCK01533,Network,Low,2024-01-24 08:00:00,24.69
TCK01534,Access/Permissions,Medium,2024-03-01 21:00:00,3.62
TCK01535,Network,Medium,2024-02-29 01:00:00,17.82
TCK01536,Printer,Low,2024-02-23 15:00:00,10.42
TCK01537,Network,Low,2024-04-15 09:00:00,46.27
TCK01538,Network,Low,2024-05-27 09:00:00,17.81
TCK01539,Software,Medium,2024-02-03 23:00:00,14.75
TCK01540,Network,Medium,2024-02-22 16:00:00,11.11
TCK01541,Email,Medium,2024-03-10 17:00:00,6.31
TCK01542,Network,Low,2024-04-01 11:00:00,11.91
TCK01543,Network,Low,2024-06-13 11:00:00,83.16
TCK01544,Network,Low,2024-02-09 22:00:00,34.01
TCK01545,Email,Medium,2024-02-01 17:00:00,6.03
TCK01546,Access/Permissions,Medium,2024-06-22 05:00:00,3.55
TCK01547,Access/Permissions,Medium,2024-01-25 18:00:00,8.54
TCK01548,Printer,Medium,2024-06-12 04:00:00,5.26
TCK01549,Software,Low,2024-03-17 06:00:00,24.43
TCK01550,Network,High,2024-04-27 02:00:00,19.15
TCK01551,Network,Medium,2024-03-07 17:00:00,36.98
TCK01552,Printer,Low,2024-06-13 01:00:00,9.27
TCK01553,Printer,Medium,2024-06-16 19:00:00,19.83
TCK01554,Network,Medium,2024-05-31 07:00:00,44.05
TCK01555,Network,Medium,2024-02-21 20:00:00,27.15
TCK01556,Network,Low,2024-02-04 03:00:00,34.35
TCK01557,Printer,Medium,2024-06-01 07:00:00,7.62
TCK01558,Software,Medium,2024-04-17 07:00:00,16.74
TCK01559,Network,Medium,2024-06-20 10:00:00,14.89
TCK01560,Software,High,2024-05-24 22:00:00,22.97
TCK01561,Network,Medium,2024-05-06 15:00:00,21.99
TCK01562,Network,Medium,2024-01-15 05:00:00,19.27
TCK01563,Hardware,Critical,2024-03-11 05:00:00,27.63
TCK01564,Hardware,Low,2024-02-17 08:00:00,13.67
TCK01565,Network,Low,2024-02-27 22:00:00,30.56
TCK01566,Network,High,2024-02-28 07:00:00,7.79
TCK01567,Software,High,2024-04-02 10:00:00,18.92
TCK01568,Software,Medium,2024-02-21 21:00:00,32.02
TCK01569,Network,Medium,2024-04-09 20:00:00,36.04
TCK01570,Software,Low,2024-05-02 11:00:00,9.01
TCK01571,Printer,Low,2024-04-15 18:00:00,4.8
TCK01572,Printer,Medium,2024-02-25 09:00:00,5.95
TCK01573,Network,Medium,2024-04-24 23:00:00,11.65
TCK01574,Network,Low,2024-03-27 01:00:00,46.46
TCK01575,Hardware,High,2024-03-24 08:00:00,9.04
TCK01576,Access/Permissions,Low,2024-02-23 03:00:00,3.91
TCK01577,Hardware,Low,2024-04-25 10:00:00,7.25
TCK01578,Printer,Low,2024-04-27 14:00:00,3.93
TCK01579,Hardware,Low,2024-02-22 09:00:00,18.9
TCK01580,Network,Medium,2024-05-20 20:00:00,5.79
TCK01581,Email,Medium,2024-02-22 02:00:00,7.75
TCK01582,Hardware,Low,2024-05-20 04:00:00,30.6
TCK01583,Network,Medium,2024-03-20 19:00:00,38.36
TCK01584,Network,Critical,2024-05-25 15:00:00,43.88
TCK01585,Network,Low,2024-04-02 15:00:00,26.12
TCK01586,Software,Medium,2024-06-13 19:00:00,11.79
TCK01587,Network,Low,2024-01-30 17:00:00,32.14
TCK01588,Network,Low,2024-06-08 04:00:00,42.26
TCK01589,Network,Critical,2024-04-22 05:00:00,49.45
TCK01590,Network,Low,2024-05-27 01:00:00,31.56
TCK01591,Email,Low,2024-01-02 12:00:00,6.21
TCK01592,Software,Low,2024-06-10 16:00:00,16.29
TCK01593,Software,Medium,2024-05-08 04:00:00,8.91
TCK01594,Software,Medium,2024-06-01 17:00:00,6.16
TCK01595,Printer,High,2024-03-19 06:00:00,5.03
TCK01596,Network,Low,2024-05-27 16:00:00,23.57
TCK01597,Network,Medium,2024-02-16 13:00:00,38.64
TCK01598,Software,High,2024-03-25 14:00:00,5.89
TCK01599,Software,High,2024-03-20 04:00:00,2.6
TCK01600,Network,Low,2024-04-04 09:00:00,54.04
TCK01601,Software,Low,2024-01-11 06:00:00,16.85
TCK01602,Software,High,2024-02-04 21:00:00,11.91
TCK01603,Printer,Medium,2024-01-24 18:00:00,9.98
TCK01604,Network,Medium,2024-04-04 04:00:00,20.53
TCK01605,Access/Permissions,Critical,2024-04-30 16:00:00,2.94
TCK01606,Software,Medium,2024-04-25 06:00:00,14.61
TCK01607,Software,Low,2024-05-03 15:00:00,3.26
TCK01608,Network,Medium,2024-04-24 00:00:00,66.4
TCK01609,Software,Critical,2024-02-27 19:00:00,14.07
TCK01610,Printer,Medium,2024-05-12 15:00:00,4.72
TCK01611,Software,Medium,2024-01-13 15:00:00,12.43
TCK01612,Software,Medium,2024-01-28 20:00:00,17.61
TCK01613,Network,Low,2024-05-30 21:00:00,32.19
TCK01614,Access/Permissions,Critical,2024-03-26 06:00:00,6.65
TCK01615,Network,Medium,2024-01-26 07:00:00,58.19
TCK01616,Hardware,High,2024-04-23 15:00:00,9.65
TCK01617,Software,Low,2024-03-27 15:00:00,9.68
TCK01618,Network,Medium,2024-06-07 03:00:00,8.29
TCK01619,Access/Permissions,Medium,2024-03-12 20:00:00,3.63
TCK01620,Network,Critical,2024-03-10 21:00:00,15.52
TCK01621,Software,Medium,2024-03-02 16:00:00,6.56
TCK01622,Access/Permissions,Low,2024-06-23 07:00:00,4.98
TCK01623,Printer,Low,2024-04-16 06:00:00,9.56
TCK01624,Printer,Low,2024-06-26 02:00:00,10.24
TCK01625,Network,Low,2024-06-02 04:00:00,28.35
TCK01626,Software,High,2024-05-06 22:00:00,13.57
TCK01627,Access/Permissions,High,2024-05-21 14:00:00,5.06
TCK01628,Network,High,2024-05-14 19:00:00,21.84
TCK01629,Printer,Low,2024-03-15 03:00:00,9.39
TCK01630,Hardware,Low,2024-03-02 08:00:00,9.86
TCK01631,Network,Critical,2024-04-25 20:00:00,6.9
TCK01632,Email,Low,2024-05-13 04:00:00,8.3
TCK01633,Network,Medium,2024-05-29 22:00:00,24.26
TCK01634,Software,Medium,2024-04-18 04:00:00,24.21
TCK01635,Software,High,2024-04-01 12:00:00,1.67
TCK01636,Printer,Low,2024-05-04 16:00:00,17.95
TCK01637,Network,Low,2024-03-07 04:00:00,6.5
TCK01638,Printer,Medium,2024-06-10 05:00:00,9.44
TCK01639,Email,High,2024-05-24 11:00:00,7.97
TCK01640,Printer,Critical,2024-01-16 02:00:00,3.9
TCK01641,Access/Permissions,Low,2024-03-13 03:00:00,13.54
TCK01642,Email,Low,2024-01-14 06:00:00,2.86
TCK01643,Software,Low,2024-03-25 08:00:00,21.09
TCK01644,Software,Low,2024-02-23 06:00:00,18.18
TCK01645,Access/Permissions,Low,2024-04-14 04:00:00,4.07
TCK01646,Network,Low,2024-04-20 19:00:00,23.58
TCK01647,Printer,High,2024-03-18 12:00:00,2.66
TCK01648,Network,Low,2024-01-26 13:00:00,42.42
TCK01649,Software,Medium,2024-05-19 01:00:00,11.01
TCK01650,Software,Medium,2024-03-20 18:00:00,18.87
TCK01651,Hardware,High,2024-03-15 17:00:00,6.34
TCK01652,Network,Critical,2024-04-12 09:00:00,26.84
TCK01653,Network,Medium,2024-02-11 04:00:00,10.26
TCK01654,Network,Medium,2024-01-11 05:00:00,12.45
TCK01655,Hardware,Low,2024-04-21 02:00:00,23.72
TCK01656,Printer,Medium,2024-04-11 18:00:00,15.2
TCK01657,Network,Low,2024-03-02 00:00:00,33.22
TCK01658,Network,High,2024-04-19 03:00:00,66.34
TCK01659,Printer,Medium,2024-03-16 16:00:00,3.85
TCK01660,Software,Low,2024-06-09 09:00:00,11.16
TCK01661,Network,Medium,2024-01-09 17:00:00,46.59
TCK01662,Printer,Low,2024-02-25 14:00:00,4.47
TCK01663,Software,Low,2024-03-27 03:00:00,9.49
TCK01664,Printer,High,2024-02-09 13:00:00,4.78
TCK01665,Network,Medium,2024-04-10 00:00:00,65.98
TCK01666,Access/Permissions,Low,2024-02-12 10:00:00,3.61
TCK01667,Hardware,Medium,2024-04-05 00:00:00,14.4
TCK01668,Network,Low,2024-01-05 11:00:00,64.98
TCK01669,Network,Medium,2024-06-07 17:00:00,27.17
TCK01670,Access/Permissions,High,2024-05-06 22:00:00,14.47
TCK01671,Software,Low,2024-02-08 04:00:00,14.51
TCK01672,Access/Permissions,High,2024-02-04 02:00:00,2.03
TCK01673,Network,Low,2024-06-27 23:00:00,19.9
TCK01674,Software,Critical,2024-02-05 00:00:00,12.09
TCK01675,Network,Medium,2024-02-11 03:00:00,30.25
TCK01676,Network,Low,2024-02-17 10:00:00,28.14
TCK01677,Software,High,2024-04-30 18:00:00,9.94
TCK01678,Network,Low,2024-04-07 03:00:00,16.55
TCK01679,Software,Low,2024-03-05 20:00:00,5.69
TCK01680,Network,Low,2024-01-17 20:00:00,21.11
TCK01681,Network,Low,2024-03-07 10:00:00,31.64
TCK01682,Hardware,High,2024-04-29 12:00:00,9.6
TCK01683,Email,Medium,2024-02-21 21:00:00,3.64
TCK01684,Network,Medium,2024-02-03 22:00:00,19.37
TCK01685,Network,Medium,2024-03-05 15:00:00,0.85
TCK01686,Network,Medium,2024-06-27 03:00:00,0.5
TCK01687,Access/Permissions,Medium,2024-06-09 05:00:00,5.58
TCK01688,Printer,Medium,2024-03-29 23:00:00,4.28
TCK01689,Network,Medium,2024-05-16 06:00:00,16.62
TCK01690,Printer,Low,2024-01-13 00:00:00,5.78
TCK01691,Network,Medium,2024-03-01 06:00:00,22.78
TCK01692,Printer,Low,2024-05-12 07:00:00,4.87
TCK01693,Hardware,Medium,2024-02-21 15:00:00,20.45
TCK01694,Hardware,Medium,2024-06-20 18:00:00,6.65
TCK01695,Email,High,2024-05-22 19:00:00,8.09
TCK01696,Printer,Low,2024-02-29 09:00:00,8.26
TCK01697,Access/Permissions,Low,2024-02-13 04:00:00,2.01
TCK01698,Access/Permissions,Medium,2024-05-24 07:00:00,14.33
TCK01699,Email,High,2024-06-13 21:00:00,8.43
TCK01700,Access/Permissions,High,2024-02-04 23:00:00,14.5
TCK01701,Printer,Low,2024-02-17 09:00:00,12.95
TCK01702,Printer,Low,2024-04-05 06:00:00,3.65
TCK01703,Software,Medium,2024-03-30 08:00:00,4.2
TCK01704,Email,Medium,2024-01-31 21:00:00,4.15
TCK01705,Network,Medium,2024-01-26 06:00:00,17.09
TCK01706,Network,Medium,2024-02-20 23:00:00,16.18
TCK01707,Hardware,High,2024-03-15 10:00:00,17.4
TCK01708,Hardware,Medium,2024-01-04 05:00:00,33.15
TCK01709,Printer,Medium,2024-04-13 15:00:00,17.36
TCK01710,Network,Low,2024-04-25 16:00:00,27.86
TCK01711,Network,High,2024-06-11 10:00:00,32.43
TCK01712,Email,Low,2024-02-01 17:00:00,1.98
TCK01713,Printer,Medium,2024-06-13 03:00:00,9.69
TCK01714,Network,Low,2024-02-20 03:00:00,8.36
TCK01715,Hardware,High,2024-05-08 21:00:00,8.49
TCK01716,Network,Low,2024-04-09 22:00:00,27.2
TCK01717,Hardware,Low,2024-05-01 09:00:00,18.87
TCK01718,Network,Low,2024-01-25 21:00:00,32.4
TCK01719,Network,Medium,2024-03-09 10:00:00,47.92
TCK01720,Software,Medium,2024-06-05 05:00:00,27.12
TCK01721,Software,Medium,2024-06-12 20:00:00,2.12
TCK01722,Software,Low,2024-02-15 20:00:00,4.64
TCK01723,Software,Medium,2024-06-20 02:00:00,23.78
TCK01724,Hardware,Medium,2024-06-02 07:00:00,19.6
TCK01725,Network,Low,2024-04-08 14:00:00,52.56
TCK01726,Network,Critical,2024-02-15 01:00:00,42.61
TCK01727,Software,Medium,2024-01-22 00:00:00,5.86
TCK01728,Software,Medium,2024-05-14 00:00:00,10.84
TCK01729,Email,Low,2024-01-28 01:00:00,4.11
TCK01730,Printer,Medium,2024-01-25 19:00:00,16.94
TCK01731,Network,Low,2024-02-09 11:00:00,27.23
TCK01732,Hardware,High,2024-03-17 17:00:00,9.1
TCK01733,Network,Critical,2024-01-08 03:00:00,39.54
TCK01734,Software,Medium,2024-01-20 19:00:00,12.62
TCK01735,Software,Low,2024-01-20 05:00:00,17.84
TCK01736,Network,Medium,2024-02-06 05:00:00,13.3
TCK01737,Printer,High,2024-04-15 03:00:00,14.31
TCK01738,Network,High,2024-02-18 12:00:00,23.65
TCK01739,Network,Medium,2024-05-23 10:00:00,37.96
TCK01740,Access/Permissions,High,2024-04-01 14:00:00,9.42
TCK01741,Access/Permissions,Medium,2024-02-11 20:00:00,8.64
TCK01742,Hardware,Critical,2024-02-01 10:00:00,6.95
TCK01743,Software,Medium,2024-01-26 22:00:00,34.59
TCK01744,Software,High,2024-03-20 23:00:00,11.2
TCK01745,Email,Low,2024-06-10 17:00:00,6.3
TCK01746,Hardware,High,2024-06-01 00:00:00,13.32
TCK01747,Access/Permissions,High,2024-05-05 10:00:00,0.5
TCK01748,Software,Medium,2024-06-02 19:00:00,8.43
TCK01749,Printer,Critical,2024-06-28 04:00:00,2.78
TCK01750,Software,Medium,2024-04-25 08:00:00,19.73
TCK01751,Network,High,2024-06-23 16:00:00,15.12
TCK01752,Software,High,2024-02-13 18:00:00,4.62
TCK01753,Printer,Medium,2024-02-07 10:00:00,19.55
TCK01754,Software,Low,2024-02-02 01:00:00,35.16
TCK01755,Network,Medium,2024-02-19 20:00:00,76.43
TCK01756,Access/Permissions,Low,2024-04-04 08:00:00,2.61
TCK01757,Software,High,2024-05-19 08:00:00,30.24
TCK01758,Email,High,2024-05-12 10:00:00,2.45
TCK01759,Software,Low,2024-04-15 18:00:00,9.87
TCK01760,Software,Medium,2024-02-07 22:00:00,14.8
TCK01761,Hardware,Medium,2024-02-17 13:00:00,33.65
TCK01762,Access/Permissions,Medium,2024-06-16 00:00:00,8.04
TCK01763,Software,Medium,2024-06-02 23:00:00,32.1
TCK01764,Hardware,Low,2024-06-01 02:00:00,28.21
TCK01765,Printer,High,2024-05-02 15:00:00,11.64
TCK01766,Network,Low,2024-04-02 07:00:00,36.96
TCK01767,Hardware,Low,2024-06-05 21:00:00,31.08
TCK01768,Software,Medium,2024-05-18 15:00:00,26.91
TCK01769,Network,High,2024-05-15 07:00:00,16.74
TCK01770,Email,Low,2024-01-28 18:00:00,2.09
TCK01771,Access/Permissions,Medium,2024-04-12 04:00:00,10.54
TCK01772,Software,Low,2024-04-18 04:00:00,8.26
TCK01773,Software,Low,2024-01-23 13:00:00,6.38
TCK01774,Network,Low,2024-05-28 05:00:00,42.62
TCK01775,Network,Low,2024-01-31 02:00:00,16.24
TCK01776,Network,Low,2024-03-22 01:00:00,49.62
TCK01777,Network,High,2024-03-31 19:00:00,41.4
TCK01778,Software,Low,2024-06-11 21:00:00,12.7
TCK01779,Email,High,2024-04-05 00:00:00,7.67
TCK01780,Software,High,2024-04-26 03:00:00,42.34
TCK01781,Access/Permissions,Medium,2024-01-14 13:00:00,2.49
TCK01782,Printer,Low,2024-03-01 00:00:00,15.52
TCK01783,Access/Permissions,Low,2024-04-08 17:00:00,5.28
TCK01784,Network,Medium,2024-03-10 07:00:00,54.24
TCK01785,Printer,Medium,2024-06-29 10:00:00,4.23
TCK01786,Hardware,Medium,2024-01-23 10:00:00,23.25
TCK01787,Printer,Medium,2024-02-17 13:00:00,2.92
TCK01788,Access/Permissions,Low,2024-06-18 15:00:00,2.36
TCK01789,Software,Low,2024-01-10 04:00:00,4.12
TCK01790,Printer,Low,2024-04-13 02:00:00,10.53
TCK01791,Access/Permissions,Low,2024-04-02 10:00:00,14.72
TCK01792,Printer,Low,2024-06-29 21:00:00,12.9
TCK01793,Network,High,2024-05-05 03:00:00,21.46
TCK01794,Network,Medium,2024-06-10 17:00:00,53.58
TCK01795,Network,Low,2024-05-27 10:00:00,27.96
TCK01796,Email,Low,2024-06-23 15:00:00,12.68
TCK01797,Network,High,2024-03-24 06:00:00,14.75
TCK01798,Access/Permissions,Medium,2024-03-19 19:00:00,3.85
TCK01799,Email,Medium,2024-03-15 01:00:00,4.8
TCK01800,Printer,Critical,2024-03-08 14:00:00,9.28
TCK01801,Access/Permissions,Medium,2024-05-29 11:00:00,3.23
TCK01802,Network,Medium,2024-06-02 02:00:00,22.28
TCK01803,Software,Low,2024-01-13 21:00:00,8.6
TCK01804,Access/Permissions,Low,2024-03-06 04:00:00,6.3
TCK01805,Network,High,2024-05-20 23:00:00,41.56
TCK01806,Software,Medium,2024-01-18 05:00:00,21.47
TCK01807,Network,High,2024-04-10 15:00:00,76.32
TCK01808,Access/Permissions,Low,2024-03-23 05:00:00,3.08
TCK01809,Network,Medium,2024-03-26 20:00:00,36.44
TCK01810,Printer,Medium,2024-05-29 21:00:00,5.64
TCK01811,Network,Low,2024-03-23 11:00:00,6.11
TCK01812,Access/Permissions,High,2024-06-01 16:00:00,3.52
TCK01813,Software,Low,2024-01-02 05:00:00,34.44
TCK01814,Printer,Medium,2024-03-05 22:00:00,15.02
TCK01815,Network,Low,2024-03-13 15:00:00,14.17
TCK01816,Hardware,Low,2024-02-26 17:00:00,25.55
TCK01817,Printer,Medium,2024-05-27 08:00:00,2.64
TCK01818,Software,Medium,2024-04-16 14:00:00,22.28
TCK01819,Printer,Medium,2024-05-26 00:00:00,3.98
TCK01820,Hardware,Critical,2024-01-17 20:00:00,9.39
TCK01821,Printer,Medium,2024-03-05 06:00:00,9.17
TCK01822,Network,Medium,2024-02-03 19:00:00,66.51
TCK01823,Access/Permissions,Medium,2024-06-17 10:00:00,17.67
TCK01824,Software,Low,2024-03-04 13:00:00,3.72
TCK01825,Printer,Medium,2024-05-10 04:00:00,4.18
TCK01826,Software,Critical,2024-03-26 09:00:00,21.9
TCK01827,Software,Medium,2024-03-15 14:00:00,9.62
TCK01828,Network,Low,2024-02-19 11:00:00,10.7
TCK01829,Network,Low,2024-05-16 22:00:00,10.55
TCK01830,Software,High,2024-01-23 02:00:00,19.54
TCK01831,Email,Low,2024-06-02 17:00:00,9.22
TCK01832,Software,High,2024-03-05 07:00:00,4.09
TCK01833,Access/Permissions,Low,2024-03-03 09:00:00,7.13
TCK01834,Software,Low,2024-02-07 08:00:00,11.41
TCK01835,Access/Permissions,Medium,2024-02-13 01:00:00,3.8
TCK01836,Printer,Medium,2024-04-30 02:00:00,6.37
TCK01837,Email,Medium,2024-01-29 07:00:00,1.87
TCK01838,Access/Permissions,Medium,2024-04-25 14:00:00,5.2
TCK01839,Network,Medium,2024-02-13 00:00:00,3.72
TCK01840,Email,Low,2024-06-18 14:00:00,8.53
TCK01841,Software,Low,2024-06-19 23:00:00,18.25
TCK01842,Network,High,2024-05-09 02:00:00,33.68
TCK01843,Network,Medium,2024-03-01 14:00:00,29.54
TCK01844,Printer,Medium,2024-04-02 02:00:00,6.53
TCK01845,Printer,Critical,2024-01-03 15:00:00,16.5
TCK01846,Network,Medium,2024-03-08 14:00:00,43.29
TCK01847,Software,High,2024-03-22 10:00:00,8.17
TCK01848,Software,Low,2024-06-09 05:00:00,10.37
TCK01849,Printer,Low,2024-05-22 16:00:00,3.53
TCK01850,Network,Low,2024-01-12 15:00:00,38.69
TCK01851,Software,High,2024-04-30 09:00:00,13.15
TCK01852,Hardware,Medium,2024-04-13 01:00:00,27.44
TCK01853,Access/Permissions,Medium,2024-01-01 20:00:00,7.98
TCK01854,Network,Medium,2024-06-02 06:00:00,20.07
TCK01855,Email,Medium,2024-06-18 01:00:00,4.47
TCK01856,Network,Medium,2024-03-21 23:00:00,25.64
TCK01857,Printer,Medium,2024-06-19 18:00:00,10.61
TCK01858,Software,Low,2024-04-27 08:00:00,17.32
TCK01859,Access/Permissions,High,2024-06-25 13:00:00,7.66
TCK01860,Network,Medium,2024-03-26 17:00:00,11.94
TCK01861,Software,Medium,2024-04-24 09:00:00,12.44
TCK01862,Software,Low,2024-04-18 03:00:00,14.01
TCK01863,Network,Medium,2024-02-02 04:00:00,17.4
TCK01864,Network,Low,2024-02-11 15:00:00,18.52
TCK01865,Network,Medium,2024-02-01 03:00:00,18.94
TCK01866,Printer,Medium,2024-03-08 07:00:00,14.19
TCK01867,Network,High,2024-01-10 00:00:00,9.64
TCK01868,Access/Permissions,Low,2024-03-20 00:00:00,4.72
TCK01869,Software,High,2024-01-09 03:00:00,17.09
TCK01870,Network,Low,2024-05-30 00:00:00,32.48
TCK01871,Network,Critical,2024-04-11 22:00:00,10.28
TCK01872,Network,Medium,2024-03-31 21:00:00,15.41
TCK01873,Email,Low,2024-01-27 04:00:00,7.36
TCK01874,Email,Medium,2024-02-29 05:00:00,1.42
TCK01875,Access/Permissions,High,2024-04-09 19:00:00,10.93
TCK01876,Access/Permissions,Medium,2024-03-15 16:00:00,4.29
TCK01877,Software,Medium,2024-06-19 16:00:00,12.54
TCK01878,Network,Low,2024-05-21 08:00:00,17.63
TCK01879,Access/Permissions,Medium,2024-05-16 09:00:00,7.54
TCK01880,Network,Medium,2024-03-04 09:00:00,13.43
TCK01881,Network,High,2024-06-26 12:00:00,28.11
TCK01882,Software,Medium,2024-05-01 17:00:00,25.22
TCK01883,Access/Permissions,Low,2024-05-12 19:00:00,1.94
TCK01884,Software,Medium,2024-05-05 08:00:00,6.38
TCK01885,Network,Critical,2024-01-26 11:00:00,66.32
TCK01886,Printer,Low,2024-01-14 07:00:00,9.8
TCK01887,Network,Medium,2024-04-08 11:00:00,31.81
TCK01888,Printer,Medium,2024-03-15 02:00:00,8.31
TCK01889,Printer,High,2024-04-01 12:00:00,13.38
TCK01890,Software,Low,2024-02-10 05:00:00,3.53
TCK01891,Access/Permissions,Critical,2024-02-16 22:00:00,2.2
TCK01892,Hardware,Low,2024-05-21 20:00:00,27.48
TCK01893,Access/Permissions,Medium,2024-06-17 21:00:00,3.21
TCK01894,Network,Low,2024-06-27 17:00:00,52.79
TCK01895,Printer,Low,2024-01-25 15:00:00,9.51
TCK01896,Network,Low,2024-01-13 15:00:00,19.99
TCK01897,Access/Permissions,Medium,2024-04-27 23:00:00,6.14
TCK01898,Software,Low,2024-02-27 16:00:00,6.2
TCK01899,Printer,Medium,2024-04-27 01:00:00,6.33
TCK01900,Software,Medium,2024-05-06 15:00:00,18.01
TCK01901,Software,Medium,2024-06-22 21:00:00,10.5
TCK01902,Network,Low,2024-01-16 09:00:00,34.0
TCK01903,Software,Medium,2024-05-01 02:00:00,2.94
TCK01904,Software,Critical,2024-05-25 11:00:00,8.12
TCK01905,Access/Permissions,High,2024-01-25 13:00:00,4.34
TCK01906,Network,Low,2024-04-06 12:00:00,13.44
TCK01907,Network,Medium,2024-01-11 08:00:00,15.0
TCK01908,Access/Permissions,Medium,2024-01-16 15:00:00,10.67
TCK01909,Access/Permissions,Low,2024-01-15 01:00:00,3.14
TCK01910,Software,Medium,2024-05-30 11:00:00,30.54
TCK01911,Access/Permissions,Low,2024-03-29 10:00:00,7.21
TCK01912,Printer,High,2024-06-02 16:00:00,3.12
TCK01913,Printer,Critical,2024-01-20 14:00:00,6.89
TCK01914,Software,Medium,2024-02-08 00:00:00,13.76
TCK01915,Network,Low,2024-01-29 13:00:00,47.99
TCK01916,Software,High,2024-05-23 06:00:00,11.07
TCK01917,Printer,High,2024-03-03 20:00:00,8.81
TCK01918,Access/Permissions,Medium,2024-06-13 17:00:00,6.71
TCK01919,Printer,Low,2024-03-19 00:00:00,3.52
TCK01920,Network,High,2024-05-20 13:00:00,27.33
TCK01921,Network,Low,2024-01-01 20:00:00,58.0
TCK01922,Software,Low,2024-04-16 14:00:00,17.65
TCK01923,Network,Medium,2024-06-19 14:00:00,31.86
TCK01924,Printer,Low,2024-04-28 21:00:00,12.22
TCK01925,Network,Low,2024-01-15 09:00:00,18.44
TCK01926,Hardware,Low,2024-01-13 18:00:00,14.35
TCK01927,Hardware,Medium,2024-05-20 01:00:00,33.37
TCK01928,Network,High,2024-06-17 18:00:00,12.18
TCK01929,Software,Low,2024-03-10 20:00:00,7.01
TCK01930,Printer,Medium,2024-05-06 18:00:00,10.76
TCK01931,Printer,Low,2024-06-05 01:00:00,15.09
TCK01932,Network,Critical,2024-05-21 23:00:00,73.61
TCK01933,Network,Medium,2024-05-05 21:00:00,40.26
TCK01934,Network,Low,2024-01-12 23:00:00,47.28
TCK01935,Hardware,Medium,2024-04-28 00:00:00,12.56
TCK01936,Network,Medium,2024-04-17 14:00:00,29.78
TCK01937,Access/Permissions,Low,2024-02-09 11:00:00,5.48
TCK01938,Access/Permissions,Medium,2024-01-24 05:00:00,5.1
TCK01939,Network,Low,2024-01-19 21:00:00,70.95
TCK01940,Printer,Low,2024-04-16 17:00:00,10.47
TCK01941,Network,High,2024-05-15 15:00:00,22.14
TCK01942,Network,Medium,2024-03-18 07:00:00,16.7
TCK01943,Network,Low,2024-01-04 11:00:00,81.48
TCK01944,Network,Low,2024-06-25 07:00:00,23.95
TCK01945,Email,High,2024-04-17 18:00:00,6.69
TCK01946,Printer,Medium,2024-04-07 14:00:00,4.68
TCK01947,Email,Medium,2024-02-01 19:00:00,2.33
TCK01948,Software,Low,2024-06-18 04:00:00,8.9
TCK01949,Printer,Low,2024-01-04 06:00:00,25.81
TCK01950,Software,Medium,2024-03-02 20:00:00,7.83
TCK01951,Access/Permissions,Medium,2024-03-17 05:00:00,3.67
TCK01952,Access/Permissions,Medium,2024-06-09 16:00:00,11.8
TCK01953,Printer,High,2024-05-06 08:00:00,3.13
TCK01954,Software,Low,2024-05-17 11:00:00,8.5
TCK01955,Access/Permissions,Critical,2024-05-30 06:00:00,6.21
TCK01956,Software,Low,2024-02-28 03:00:00,10.75
TCK01957,Access/Permissions,Medium,2024-03-24 12:00:00,9.94
TCK01958,Printer,Medium,2024-03-18 09:00:00,8.11
TCK01959,Access/Permissions,Low,2024-01-05 09:00:00,14.34
TCK01960,Printer,Low,2024-06-12 13:00:00,5.94
TCK01961,Software,Medium,2024-04-02 19:00:00,38.66
TCK01962,Software,Medium,2024-06-14 13:00:00,6.45
TCK01963,Hardware,Low,2024-01-05 10:00:00,3.97
TCK01964,Network,Critical,2024-02-21 01:00:00,38.97
TCK01965,Software,Medium,2024-02-01 14:00:00,11.35
TCK01966,Access/Permissions,Medium,2024-02-14 12:00:00,5.21
TCK01967,Network,Medium,2024-05-17 03:00:00,18.22
TCK01968,Email,Medium,2024-02-13 19:00:00,14.24
TCK01969,Hardware,Medium,2024-04-24 06:00:00,12.63
TCK01970,Email,Low,2024-02-26 07:00:00,2.44
TCK01971,Network,Medium,2024-04-22 05:00:00,24.14
TCK01972,Software,Medium,2024-01-24 12:00:00,9.48
TCK01973,Printer,High,2024-02-24 13:00:00,7.37
TCK01974,Network,Medium,2024-02-25 10:00:00,31.49
TCK01975,Printer,Low,2024-03-06 23:00:00,7.15
TCK01976,Access/Permissions,Medium,2024-03-14 09:00:00,3.1
TCK01977,Hardware,High,2024-01-20 05:00:00,17.06
TCK01978,Network,Low,2024-01-09 00:00:00,25.84
TCK01979,Access/Permissions,Medium,2024-04-12 07:00:00,1.66
TCK01980,Network,Low,2024-02-03 00:00:00,19.25
TCK01981,Printer,Low,2024-01-13 08:00:00,2.63
TCK01982,Access/Permissions,High,2024-06-20 07:00:00,8.36
TCK01983,Software,Medium,2024-05-06 03:00:00,12.28
TCK01984,Email,Medium,2024-06-03 18:00:00,9.95
TCK01985,Network,Medium,2024-02-08 13:00:00,51.76
TCK01986,Printer,High,2024-06-05 00:00:00,5.42
TCK01987,Network,High,2024-05-11 19:00:00,10.5
TCK01988,Software,Medium,2024-02-19 04:00:00,14.25
TCK01989,Email,Low,2024-05-07 23:00:00,2.62
TCK01990,Network,High,2024-04-30 20:00:00,28.46
TCK01991,Software,Low,2024-04-19 17:00:00,21.71
TCK01992,Hardware,Medium,2024-05-07 15:00:00,6.36
TCK01993,Network,Low,2024-05-04 01:00:00,26.14
TCK01994,Email,Medium,2024-04-14 17:00:00,5.12
TCK01995,Printer,Low,2024-06-07 19:00:00,7.01
TCK01996,Access/Permissions,Low,2024-02-08 19:00:00,2.08
TCK01997,Software,Low,2024-05-01 14:00:00,14.45
TCK01998,Printer,Low,2024-01-14 23:00:00,6.06
TCK01999,Hardware,Low,2024-04-12 22:00:00,48.39
TCK02000,Network,High,2024-01-27 09:00:00,37.42
TCK02001,Network,Medium,2024-04-15 00:00:00,34.33
TCK02002,Software,Critical,2024-03-05 11:00:00,3.68
TCK02003,Network,Medium,2024-02-08 20:00:00,22.51
TCK02004,Printer,High,2024-01-24 13:00:00,9.75
TCK02005,Network,Low,2024-05-05 21:00:00,29.15
TCK02006,Printer,High,2024-01-22 05:00:00,5.72
TCK02007,Network,Medium,2024-03-04 11:00:00,65.72
TCK02008,Access/Permissions,Low,2024-03-25 22:00:00,5.91
TCK02009,Network,Low,2024-06-04 07:00:00,37.45
TCK02010,Software,Low,2024-04-05 23:00:00,10.64
TCK02011,Email,Low,2024-03-07 08:00:00,10.6
TCK02012,Network,High,2024-06-08 00:00:00,32.1
TCK02013,Network,High,2024-06-27 00:00:00,43.21
TCK02014,Software,Medium,2024-03-07 16:00:00,17.73
TCK02015,Network,High,2024-01-02 02:00:00,6.2
TCK02016,Software,Medium,2024-02-16 18:00:00,7.72
TCK02017,Network,Medium,2024-01-08 11:00:00,29.0
TCK02018,Email,Low,2024-03-25 08:00:00,4.81
TCK02019,Network,Medium,2024-04-11 08:00:00,14.98
TCK02020,Access/Permissions,Medium,2024-06-14 16:00:00,3.07
TCK02021,Hardware,Medium,2024-05-17 02:00:00,11.64
TCK02022,Network,Medium,2024-02-03 08:00:00,24.14
TCK02023,Access/Permissions,High,2024-03-29 14:00:00,4.58
TCK02024,Network,Low,2024-04-15 01:00:00,19.61
TCK02025,Printer,High,2024-03-09 23:00:00,12.67
TCK02026,Printer,Low,2024-05-14 16:00:00,12.85
TCK02027,Access/Permissions,Medium,2024-03-03 00:00:00,4.54
TCK02028,Network,High,2024-05-27 21:00:00,37.38
TCK02029,Network,High,2024-04-13 18:00:00,53.61
TCK02030,Network,Medium,2024-05-30 19:00:00,9.61
TCK02031,Network,Low,2024-06-20 23:00:00,32.08
TCK02032,Software,High,2024-02-29 20:00:00,10.27
TCK02033,Software,High,2024-01-08 16:00:00,16.53
TCK02034,Printer,Low,2024-03-29 13:00:00,12.77
TCK02035,Printer,Medium,2024-03-19 05:00:00,2.65
TCK02036,Network,Medium,2024-02-19 21:00:00,9.91
TCK02037,Access/Permissions,High,2024-05-18 08:00:00,13.05
TCK02038,Access/Permissions,High,2024-05-21 08:00:00,3.88
TCK02039,Software,Low,2024-02-02 21:00:00,16.14
TCK02040,Printer,Medium,2024-02-27 12:00:00,8.93
TCK02041,Network,Medium,2024-05-09 01:00:00,41.01
TCK02042,Access/Permissions,Medium,2024-01-30 20:00:00,7.24
TCK02043,Access/Permissions,Low,2024-01-01 08:00:00,2.6
TCK02044,Access/Permissions,Low,2024-04-03 14:00:00,0.74
TCK02045,Email,High,2024-02-16 03:00:00,6.29
TCK02046,Network,Medium,2024-02-26 21:00:00,28.17
TCK02047,Network,Medium,2024-02-02 07:00:00,42.3
TCK02048,Printer,Low,2024-01-26 14:00:00,4.26
TCK02049,Network,Low,2024-03-17 22:00:00,15.67
TCK02050,Software,Low,2024-03-13 06:00:00,26.45
TCK02051,Hardware,High,2024-02-09 08:00:00,18.79
TCK02052,Access/Permissions,Low,2024-06-12 16:00:00,3.39
TCK02053,Network,Low,2024-05-02 19:00:00,12.42
TCK02054,Printer,Medium,2024-04-07 09:00:00,12.15
TCK02055,Access/Permissions,Medium,2024-04-19 14:00:00,9.26
TCK02056,Software,Medium,2024-02-07 07:00:00,9.76
TCK02057,Network,Medium,2024-03-26 20:00:00,35.26
TCK02058,Software,Medium,2024-01-15 02:00:00,8.54
TCK02059,Printer,Low,2024-02-18 20:00:00,7.79
TCK02060,Software,Medium,2024-01-19 16:00:00,10.44
TCK02061,Network,Low,2024-03-08 12:00:00,25.06
TCK02062,Access/Permissions,Low,2024-06-04 10:00:00,5.49
TCK02063,Software,Low,2024-03-18 13:00:00,42.97
TCK02064,Access/Permissions,Medium,2024-05-16 11:00:00,3.99
TCK02065,Network,Medium,2024-05-15 20:00:00,41.52
TCK02066,Printer,Medium,2024-05-08 08:00:00,11.68
TCK02067,Access/Permissions,Low,2024-02-15 16:00:00,10.04
TCK02068,Email,Low,2024-06-08 12:00:00,2.95
TCK02069,Access/Permissions,Low,2024-06-03 00:00:00,2.51
TCK02070,Printer,Medium,2024-03-19 17:00:00,20.17
TCK02071,Network,Low,2024-02-04 18:00:00,65.61
TCK02072,Network,High,2024-04-25 02:00:00,49.93
TCK02073,Network,Medium,2024-01-08 23:00:00,22.99
TCK02074,Printer,Low,2024-01-03 10:00:00,0.64
TCK02075,Network,Critical,2024-05-13 06:00:00,21.82
TCK02076,Software,Critical,2024-03-14 22:00:00,6.89
TCK02077,Hardware,High,2024-02-04 23:00:00,15.1
TCK02078,Network,Low,2024-02-08 03:00:00,50.52
TCK02079,Access/Permissions,Medium,2024-02-25 06:00:00,5.34
TCK02080,Software,High,2024-01-30 07:00:00,7.98
TCK02081,Network,High,2024-02-14 03:00:00,33.95
TCK02082,Network,Low,2024-06-20 08:00:00,51.83
TCK02083,Email,Low,2024-01-18 20:00:00,7.71
TCK02084,Access/Permissions,Critical,2024-05-13 14:00:00,6.81
TCK02085,Printer,Low,2024-02-14 11:00:00,10.55
TCK02086,Software,Medium,2024-02-18 19:00:00,11.72
TCK02087,Access/Permissions,Low,2024-03-18 11:00:00,8.3
TCK02088,Network,Medium,2024-03-23 02:00:00,14.6
TCK02089,Software,Low,2024-06-08 08:00:00,5.77
TCK02090,Email,Medium,2024-05-06 06:00:00,4.4
TCK02091,Software,Low,2024-04-07 16:00:00,7.46
TCK02092,Network,Medium,2024-06-17 07:00:00,13.23
TCK02093,Software,Low,2024-03-15 11:00:00,7.0
TCK02094,Network,Medium,2024-04-23 05:00:00,2.84
TCK02095,Printer,High,2024-04-04 18:00:00,5.51
TCK02096,Printer,Medium,2024-04-12 23:00:00,6.38
TCK02097,Printer,Low,2024-05-12 09:00:00,17.54
TCK02098,Network,Low,2024-03-05 08:00:00,12.31
TCK02099,Access/Permissions,Low,2024-02-17 17:00:00,2.36
TCK02100,Printer,Low,2024-06-26 00:00:00,6.55
TCK02101,Access/Permissions,Medium,2024-03-02 09:00:00,2.38
TCK02102,Printer,Low,2024-06-05 17:00:00,20.82
TCK02103,Hardware,High,2024-06-17 23:00:00,26.52
TCK02104,Network,High,2024-02-07 02:00:00,22.07
TCK02105,Access/Permissions,Medium,2024-05-31 20:00:00,12.95
TCK02106,Access/Permissions,High,2024-04-28 14:00:00,10.02
TCK02107,Printer,Medium,2024-06-09 14:00:00,16.0
TCK02108,Printer,Medium,2024-02-26 16:00:00,2.25
TCK02109,Printer,Medium,2024-01-25 02:00:00,12.8
TCK02110,Printer,Low,2024-01-21 06:00:00,10.77
TCK02111,Printer,Medium,2024-02-11 06:00:00,9.03
TCK02112,Network,Medium,2024-06-11 19:00:00,25.01
TCK02113,Network,Low,2024-06-02 20:00:00,11.66
TCK02114,Network,Low,2024-03-14 19:00:00,33.58
TCK02115,Printer,Medium,2024-04-23 09:00:00,17.39
TCK02116,Network,Medium,2024-06-13 21:00:00,11.78
TCK02117,Network,Medium,2024-05-16 17:00:00,21.66
TCK02118,Software,Medium,2024-01-01 04:00:00,7.1
TCK02119,Network,Medium,2024-05-19 06:00:00,22.46
TCK02120,Network,Low,2024-01-07 04:00:00,13.38
TCK02121,Hardware,Critical,2024-06-17 01:00:00,9.88
TCK02122,Network,Medium,2024-01-15 02:00:00,17.41
TCK02123,Printer,Low,2024-04-23 21:00:00,6.2
TCK02124,Hardware,Medium,2024-05-18 18:00:00,4.3
TCK02125,Printer,High,2024-05-18 12:00:00,23.35
TCK02126,Network,Medium,2024-06-17 23:00:00,43.8
TCK02127,Printer,Low,2024-06-17 19:00:00,10.95
TCK02128,Hardware,Critical,2024-04-23 04:00:00,17.65
TCK02129,Access/Permissions,Medium,2024-02-07 17:00:00,11.67
TCK02130,Printer,Medium,2024-03-19 15:00:00,17.29
TCK02131,Printer,Medium,2024-03-02 08:00:00,3.19
TCK02132,Software,Medium,2024-04-18 23:00:00,11.28
TCK02133,Network,Medium,2024-06-20 01:00:00,37.49
TCK02134,Network,Low,2024-06-20 21:00:00,21.15
TCK02135,Printer,High,2024-06-25 20:00:00,22.59
TCK02136,Access/Permissions,Medium,2024-06-18 07:00:00,6.56
TCK02137,Access/Permissions,Medium,2024-05-05 10:00:00,4.86
TCK02138,Network,Medium,2024-03-23 14:00:00,11.42
TCK02139,Network,Low,2024-02-22 09:00:00,69.0
TCK02140,Hardware,Low,2024-01-10 22:00:00,7.8
TCK02141,Software,Medium,2024-04-04 02:00:00,8.38
TCK02142,Access/Permissions,Low,2024-04-13 21:00:00,4.13
TCK02143,Network,Low,2024-03-14 11:00:00,19.65
TCK02144,Email,Low,2024-03-24 04:00:00,6.13
TCK02145,Network,Medium,2024-01-19 07:00:00,39.34
TCK02146,Network,Medium,2024-05-04 20:00:00,41.3
TCK02147,Network,Low,2024-02-08 23:00:00,19.09
TCK02148,Network,Medium,2024-04-09 14:00:00,24.05
TCK02149,Access/Permissions,High,2024-04-21 06:00:00,8.37
TCK02150,Network,Medium,2024-04-07 20:00:00,27.4
TCK02151,Printer,Medium,2024-04-15 10:00:00,3.0
TCK02152,Software,Medium,2024-01-22 07:00:00,4.96
TCK02153,Software,Medium,2024-03-12 21:00:00,10.25
TCK02154,Software,Critical,2024-04-05 00:00:00,15.21
TCK02155,Hardware,High,2024-02-13 21:00:00,14.77
TCK02156,Network,Medium,2024-04-30 14:00:00,10.3
TCK02157,Software,High,2024-01-02 14:00:00,16.0
TCK02158,Network,Medium,2024-04-10 15:00:00,36.78
TCK02159,Network,Low,2024-06-16 21:00:00,20.87
TCK02160,Network,Medium,2024-02-24 21:00:00,10.99
TCK02161,Software,Low,2024-04-18 20:00:00,17.63
TCK02162,Software,Medium,2024-03-15 14:00:00,5.86
TCK02163,Network,Medium,2024-06-20 23:00:00,24.69
TCK02164,Access/Permissions,Medium,2024-02-18 13:00:00,6.89
TCK02165,Network,Medium,2024-03-26 23:00:00,16.19
TCK02166,Network,High,2024-03-21 14:00:00,32.69
TCK02167,Printer,Low,2024-01-30 07:00:00,4.32
TCK02168,Printer,Low,2024-02-09 14:00:00,10.28
TCK02169,Email,Low,2024-03-21 03:00:00,3.08
TCK02170,Network,Medium,2024-06-11 10:00:00,59.97
TCK02171,Printer,Medium,2024-01-22 23:00:00,11.1
TCK02172,Hardware,Critical,2024-05-16 02:00:00,30.64
TCK02173,Access/Permissions,Low,2024-03-30 02:00:00,4.66
TCK02174,Network,Low,2024-02-08 14:00:00,24.97
TCK02175,Network,High,2024-03-09 02:00:00,21.3
TCK02176,Hardware,Critical,2024-01-11 00:00:00,24.35
TCK02177,Printer,Medium,2024-06-21 13:00:00,5.27
TCK02178,Access/Permissions,High,2024-06-09 01:00:00,2.75
TCK02179,Access/Permissions,Low,2024-03-03 08:00:00,1.75
TCK02180,Printer,Medium,2024-02-08 02:00:00,13.53
TCK02181,Software,Low,2024-01-23 23:00:00,11.3
TCK02182,Hardware,High,2024-01-11 13:00:00,7.14
TCK02183,Printer,Low,2024-04-30 03:00:00,5.37
TCK02184,Software,Medium,2024-06-09 11:00:00,14.53
TCK02185,Access/Permissions,Low,2024-06-10 21:00:00,13.85
TCK02186,Software,Medium,2024-04-08 19:00:00,8.97
TCK02187,Software,Low,2024-01-31 06:00:00,20.03
TCK02188,Network,High,2024-04-25 18:00:00,31.76
TCK02189,Network,Critical,2024-04-04 00:00:00,53.46
TCK02190,Hardware,Low,2024-04-13 09:00:00,15.41
TCK02191,Software,Low,2024-06-02 12:00:00,33.49
TCK02192,Network,Medium,2024-06-18 08:00:00,14.55
TCK02193,Network,Medium,2024-01-28 00:00:00,32.15
TCK02194,Network,Medium,2024-04-22 05:00:00,24.12
TCK02195,Network,Low,2024-02-23 04:00:00,29.41
TCK02196,Hardware,Critical,2024-01-07 11:00:00,32.44
TCK02197,Email,Medium,2024-06-28 19:00:00,3.8
TCK02198,Printer,Medium,2024-05-27 18:00:00,7.35
TCK02199,Access/Permissions,Medium,2024-06-11 04:00:00,4.18
TCK02200,Printer,Medium,2024-02-29 09:00:00,9.64
TCK02201,Printer,Low,2024-03-20 19:00:00,14.31
TCK02202,Network,High,2024-02-11 16:00:00,27.31
TCK02203,Software,Low,2024-06-08 14:00:00,26.68
TCK02204,Hardware,Low,2024-01-18 12:00:00,10.08
TCK02205,Access/Permissions,Low,2024-04-15 23:00:00,7.65
TCK02206,Network,Low,2024-04-16 07:00:00,44.13
TCK02207,Access/Permissions,Critical,2024-04-19 13:00:00,9.61
TCK02208,Software,Medium,2024-02-21 15:00:00,10.14
TCK02209,Software,Low,2024-04-15 22:00:00,2.94
TCK02210,Network,Low,2024-02-24 09:00:00,21.27
TCK02211,Network,Medium,2024-05-31 04:00:00,61.84
TCK02212,Network,Low,2024-06-22 15:00:00,23.24
TCK02213,Network,Low,2024-06-28 20:00:00,23.64
TCK02214,Network,Low,2024-04-15 19:00:00,47.76
TCK02215,Printer,High,2024-02-11 06:00:00,4.53
TCK02216,Email,Low,2024-02-29 20:00:00,4.14
TCK02217,Access/Permissions,High,2024-06-26 03:00:00,4.03
TCK02218,Access/Permissions,Medium,2024-05-10 03:00:00,5.34
TCK02219,Printer,Medium,2024-02-27 20:00:00,6.93
TCK02220,Access/Permissions,Low,2024-03-17 09:00:00,1.1
TCK02221,Network,Medium,2024-06-20 07:00:00,20.86
TCK02222,Access/Permissions,High,2024-05-11 00:00:00,3.16
TCK02223,Network,Low,2024-04-11 13:00:00,30.63
TCK02224,Hardware,Low,2024-05-21 07:00:00,18.56
TCK02225,Hardware,Medium,2024-01-25 22:00:00,4.42
TCK02226,Network,Low,2024-06-17 22:00:00,33.59
TCK02227,Software,Medium,2024-04-17 07:00:00,17.77
TCK02228,Hardware,Medium,2024-05-31 04:00:00,19.64
TCK02229,Network,High,2024-06-27 14:00:00,14.08
TCK02230,Hardware,Medium,2024-03-15 11:00:00,26.9
TCK02231,Network,Medium,2024-02-19 20:00:00,30.91
TCK02232,Printer,Medium,2024-02-04 11:00:00,13.18
TCK02233,Printer,Medium,2024-03-22 21:00:00,5.34
TCK02234,Printer,Medium,2024-01-08 16:00:00,15.45
TCK02235,Network,Low,2024-06-19 06:00:00,30.03
TCK02236,Network,High,2024-03-26 16:00:00,13.8
TCK02237,Network,High,2024-01-15 21:00:00,27.81
TCK02238,Access/Permissions,Low,2024-02-02 15:00:00,4.91
TCK02239,Printer,High,2024-02-10 22:00:00,6.03
TCK02240,Printer,Low,2024-03-17 11:00:00,1.6
TCK02241,Printer,Medium,2024-03-08 14:00:00,10.03
TCK02242,Printer,Medium,2024-02-16 17:00:00,4.06
TCK02243,Network,Medium,2024-04-02 01:00:00,10.3
TCK02244,Network,Medium,2024-03-23 19:00:00,20.48
TCK02245,Access/Permissions,High,2024-05-15 11:00:00,1.19
TCK02246,Access/Permissions,Low,2024-06-26 09:00:00,11.85
TCK02247,Hardware,Medium,2024-06-20 12:00:00,10.63
TCK02248,Printer,High,2024-05-05 06:00:00,12.89
TCK02249,Software,Low,2024-02-05 10:00:00,28.25
TCK02250,Printer,High,2024-02-25 13:00:00,6.08
TCK02251,Printer,Medium,2024-03-14 20:00:00,9.81
TCK02252,Access/Permissions,Medium,2024-06-14 22:00:00,8.91
TCK02253,Software,High,2024-01-21 13:00:00,10.52
TCK02254,Network,Medium,2024-05-08 22:00:00,32.3
TCK02255,Software,Medium,2024-06-02 03:00:00,8.84
TCK02256,Access/Permissions,Medium,2024-05-19 21:00:00,6.29
TCK02257,Email,Low,2024-02-13 05:00:00,6.24
TCK02258,Access/Permissions,Low,2024-02-02 01:00:00,12.25
TCK02259,Hardware,Low,2024-05-25 15:00:00,11.99
TCK02260,Software,Medium,2024-06-04 22:00:00,9.6
TCK02261,Network,High,2024-01-05 15:00:00,37.16
TCK02262,Network,High,2024-01-23 13:00:00,36.14
TCK02263,Email,High,2024-06-12 21:00:00,4.99
TCK02264,Network,Low,2024-03-09 05:00:00,14.81
TCK02265,Software,Medium,2024-06-19 02:00:00,17.69
TCK02266,Access/Permissions,Medium,2024-01-01 12:00:00,4.32
TCK02267,Software,High,2024-01-16 15:00:00,22.94
TCK02268,Software,Medium,2024-05-14 07:00:00,15.99
TCK02269,Email,Medium,2024-02-08 04:00:00,1.29
TCK02270,Email,High,2024-05-02 16:00:00,2.24
TCK02271,Network,Low,2024-05-04 19:00:00,8.86
TCK02272,Network,Medium,2024-01-07 16:00:00,25.86
TCK02273,Network,Medium,2024-03-17 01:00:00,7.54
TCK02274,Network,High,2024-05-14 04:00:00,49.43
TCK02275,Network,High,2024-03-03 11:00:00,36.97
TCK02276,Software,Low,2024-03-14 17:00:00,21.01
TCK02277,Access/Permissions,High,2024-04-25 13:00:00,4.38
TCK02278,Printer,Medium,2024-01-31 20:00:00,7.0
TCK02279,Printer,Critical,2024-05-06 10:00:00,8.44
TCK02280,Access/Permissions,Medium,2024-05-24 03:00:00,3.62
TCK02281,Access/Permissions,Medium,2024-01-19 07:00:00,6.3
TCK02282,Access/Permissions,High,2024-01-22 14:00:00,9.63
TCK02283,Hardware,High,2024-06-23 09:00:00,9.07
TCK02284,Network,Low,2024-01-21 20:00:00,23.92
TCK02285,Hardware,Low,2024-04-24 10:00:00,19.9
TCK02286,Printer,Low,2024-03-10 23:00:00,2.21
TCK02287,Printer,High,2024-05-18 05:00:00,9.52
TCK02288,Printer,Critical,2024-06-15 20:00:00,8.58
TCK02289,Software,High,2024-02-21 12:00:00,22.13
TCK02290,Network,High,2024-05-02 00:00:00,24.62
TCK02291,Printer,Medium,2024-06-27 02:00:00,8.57
TCK02292,Printer,Medium,2024-04-14 08:00:00,7.48
TCK02293,Network,Low,2024-02-22 21:00:00,57.61
TCK02294,Network,High,2024-03-26 11:00:00,7.15
TCK02295,Access/Permissions,High,2024-01-27 05:00:00,4.18
TCK02296,Network,Medium,2024-02-08 22:00:00,40.67
TCK02297,Access/Permissions,Low,2024-01-16 16:00:00,11.65
TCK02298,Printer,High,2024-02-19 01:00:00,8.65
TCK02299,Network,Medium,2024-06-08 23:00:00,33.92
TCK02300,Network,Medium,2024-02-13 07:00:00,23.01
TCK02301,Printer,Medium,2024-05-29 21:00:00,10.19
TCK02302,Network,Medium,2024-03-24 15:00:00,61.57
TCK02303,Software,High,2024-02-11 19:00:00,18.45
TCK02304,Network,Medium,2024-03-27 22:00:00,41.53
TCK02305,Software,Medium,2024-06-15 15:00:00,5.79
TCK02306,Software,Medium,2024-01-30 05:00:00,18.93
TCK02307,Access/Permissions,Medium,2024-06-12 02:00:00,1.95
TCK02308,Software,Low,2024-04-12 18:00:00,9.09
TCK02309,Software,High,2024-06-05 10:00:00,9.61
TCK02310,Hardware,Low,2024-03-01 18:00:00,25.58
TCK02311,Printer,Medium,2024-03-18 05:00:00,6.12
TCK02312,Software,Medium,2024-05-23 21:00:00,12.77
TCK02313,Network,Low,2024-06-25 20:00:00,8.16
TCK02314,Software,High,2024-04-05 01:00:00,9.74
TCK02315,Software,Low,2024-04-11 18:00:00,15.5
TCK02316,Hardware,Low,2024-04-06 00:00:00,22.28
TCK02317,Software,Medium,2024-04-12 17:00:00,7.3
TCK02318,Network,Low,2024-06-05 14:00:00,47.0
TCK02319,Access/Permissions,High,2024-04-24 01:00:00,5.17
TCK02320,Email,High,2024-05-08 20:00:00,2.59
TCK02321,Printer,Low,2024-03-30 10:00:00,10.23
TCK02322,Network,High,2024-01-08 16:00:00,9.38
TCK02323,Network,Low,2024-02-11 18:00:00,34.99
TCK02324,Software,Medium,2024-05-31 17:00:00,24.3
TCK02325,Software,Medium,2024-01-14 07:00:00,9.36
TCK02326,Network,Medium,2024-01-12 18:00:00,8.41
TCK02327,Network,Medium,2024-01-06 10:00:00,40.76
TCK02328,Hardware,Low,2024-01-02 13:00:00,10.64
TCK02329,Hardware,Medium,2024-04-21 00:00:00,31.67
TCK02330,Software,Medium,2024-02-28 19:00:00,23.27
TCK02331,Software,Medium,2024-05-10 00:00:00,22.82
TCK02332,Printer,Low,2024-04-17 13:00:00,10.57
TCK02333,Network,Medium,2024-04-02 04:00:00,19.28
TCK02334,Network,High,2024-03-08 20:00:00,15.39
TCK02335,Printer,High,2024-04-30 22:00:00,8.93
TCK02336,Network,Medium,2024-02-09 17:00:00,44.04
TCK02337,Printer,Medium,2024-04-18 17:00:00,1.73
TCK02338,Software,Low,2024-03-27 00:00:00,17.39
TCK02339,Network,Low,2024-04-25 08:00:00,20.63
TCK02340,Network,Low,2024-02-27 00:00:00,45.94
TCK02341,Printer,High,2024-02-24 19:00:00,14.86
TCK02342,Software,High,2024-01-12 13:00:00,18.35
TCK02343,Software,Medium,2024-03-02 22:00:00,10.0
TCK02344,Hardware,Low,2024-03-17 16:00:00,18.33
TCK02345,Printer,Low,2024-05-03 12:00:00,10.35
TCK02346,Software,Low,2024-05-25 10:00:00,23.74
TCK02347,Hardware,Low,2024-06-09 05:00:00,11.85
TCK02348,Hardware,Medium,2024-01-25 02:00:00,13.84
TCK02349,Access/Permissions,Medium,2024-06-13 18:00:00,4.61
TCK02350,Software,Low,2024-03-22 02:00:00,7.31
TCK02351,Printer,Low,2024-02-25 12:00:00,5.13
TCK02352,Hardware,Medium,2024-05-27 06:00:00,14.62
TCK02353,Access/Permissions,Medium,2024-03-30 08:00:00,4.48
TCK02354,Printer,Critical,2024-05-24 06:00:00,13.32
TCK02355,Access/Permissions,Low,2024-02-05 04:00:00,7.21
TCK02356,Network,Low,2024-06-26 08:00:00,15.21
TCK02357,Network,High,2024-06-25 10:00:00,32.44
TCK02358,Network,Low,2024-01-23 14:00:00,37.6
TCK02359,Network,Medium,2024-04-16 11:00:00,18.64
TCK02360,Network,Medium,2024-05-01 08:00:00,10.22
TCK02361,Network,Medium,2024-05-22 04:00:00,14.64
TCK02362,Network,High,2024-05-27 17:00:00,29.17
TCK02363,Printer,Low,2024-03-25 09:00:00,6.61
TCK02364,Network,Medium,2024-01-24 08:00:00,33.01
TCK02365,Printer,Low,2024-05-11 01:00:00,12.28
TCK02366,Email,Medium,2024-03-19 23:00:00,4.79
TCK02367,Access/Permissions,Medium,2024-02-01 09:00:00,2.28
TCK02368,Network,Low,2024-06-01 04:00:00,16.35
TCK02369,Software,Low,2024-02-17 21:00:00,15.4
TCK02370,Network,Low,2024-02-25 02:00:00,34.78
TCK02371,Software,Medium,2024-03-05 04:00:00,19.03
TCK02372,Software,Medium,2024-05-08 09:00:00,39.58
TCK02373,Software,Critical,2024-03-09 17:00:00,6.2
TCK02374,Hardware,Low,2024-06-18 11:00:00,15.78
TCK02375,Network,Low,2024-04-04 00:00:00,37.97
TCK02376,Network,Medium,2024-01-16 06:00:00,40.46
TCK02377,Network,High,2024-01-01 19:00:00,21.05
TCK02378,Network,Medium,2024-04-05 05:00:00,15.18
TCK02379,Printer,High,2024-03-09 21:00:00,5.63
TCK02380,Software,Low,2024-05-21 19:00:00,28.57
TCK02381,Network,Low,2024-05-18 05:00:00,42.03
TCK02382,Network,Medium,2024-06-06 07:00:00,57.18
TCK02383,Hardware,Low,2024-05-03 07:00:00,13.97
TCK02384,Software,Medium,2024-05-09 01:00:00,18.45
TCK02385,Network,Low,2024-02-24 03:00:00,17.5
TCK02386,Access/Permissions,Medium,2024-05-07 03:00:00,2.75
TCK02387,Access/Permissions,Medium,2024-02-27 05:00:00,9.89
TCK02388,Printer,Low,2024-04-13 10:00:00,2.23
TCK02389,Network,Medium,2024-03-29 13:00:00,10.53
TCK02390,Network,High,2024-04-24 06:00:00,18.26
TCK02391,Software,Medium,2024-06-18 06:00:00,13.51
TCK02392,Email,Critical,2024-05-03 12:00:00,1.91
TCK02393,Access/Permissions,Low,2024-03-11 13:00:00,6.93
TCK02394,Software,Medium,2024-06-05 12:00:00,9.88
TCK02395,Hardware,High,2024-04-07 01:00:00,13.97
TCK02396,Software,Medium,2024-02-10 23:00:00,19.4
TCK02397,Printer,Low,2024-06-05 09:00:00,0.9
TCK02398,Software,High,2024-05-01 05:00:00,8.22
TCK02399,Access/Permissions,High,2024-02-29 05:00:00,11.21
